role,origin,level,pattern,version,primary,budget,remaining,max_hp,max_sp,hp_regen,sp_regen,melee_attack,precision_attack,magic_attack,physical_defense,magic_defense,hit_rating,flee_rating,crit_chance,crit_resistance,attacks_per_second,variable_cast_multiplier,move_speed,attack_speed_index,slash_r1_raw,fireball_r1_raw,fireball_r1_cast_s,headshot_r1_raw,piercing_r1_raw,net_r1_raw,explosive_r1_raw,piercing_r1_cd_s,net_r1_cd_s,explosive_r1_cd_s,fireball_full_sp_casts,fireball_sp_recovery_s
melee,swordsman,5,concentrated,old,20/5/8/2/5/2,12,0,212,62,0.9,2.24,52.0,28.0,16.0,26.0,8.0,115.4,112.9,0.0585,0,1.0999999999999999,0.983,220.0,109.99999999999999,75.39999999999999,28.8,0.31456,56.0,21.0,22.4,51,4.940476190476191,9.880952380952381,6.916666666666667,3,8.035714285714285
melee,swordsman,5,concentrated,proposed,25/5/8/2/5/2,53,1,212,62,1.1,2.24,66.0,30.0,16.0,28.5,8.0,115.4,112.9,0.0585,0,1.0999999999999999,0.983,220.0,109.99999999999999,95.7,28.8,0.31456,60.0,21.0,22.4,51,4.940476190476191,9.880952380952381,6.916666666666667,3,8.035714285714285
melee,swordsman,5,two,old,16/5/12/2/5/2,12,0,252,62,1.1,2.24,44.0,26.4,16.0,32.0,10.0,115.4,112.9,0.0585,0,1.0999999999999999,0.983,220.0,109.99999999999999,63.8,28.8,0.31456,52.8,21.0,22.4,51,4.940476190476191,9.880952380952381,6.916666666666667,3,8.035714285714285
melee,swordsman,5,two,proposed,21/5/14/2/5/2,53,2,292,62,1.6,2.24,58.0,28.4,16.0,40.5,11.0,115.4,112.9,0.0585,0,1.0999999999999999,0.983,220.0,109.99999999999999,84.1,28.8,0.31456,56.8,21.0,22.4,51,4.940476190476191,9.880952380952381,6.916666666666667,3,8.035714285714285
melee,swordsman,5,splash_three,old,16/5/11/2/6/2,12,0,242,62,1.05,2.24,44.4,28.4,16.4,30.0,9.5,117.4,112.9,0.059000000000000004,0,1.105,0.98,220.0,110.5,64.38,29.52,0.3136,56.8,22.4,22.4,51,4.929245283018868,9.858490566037736,6.900943396226415,3,8.035714285714285
melee,swordsman,5,splash_three,proposed,22/5/12/2/7/2,53,0,272,62,1.5,2.24,60.8,32.8,16.8,37.0,10.0,119.4,112.9,0.059500000000000004,0,1.1099999999999999,0.977,220.0,110.99999999999999,88.16,30.240000000000002,0.31264,65.6,23.799999999999997,22.4,51,4.918224299065421,9.836448598130842,6.885514018691589,3,8.035714285714285
melee,swordsman,5,splash_four,old,15/6/11/2/6/2,12,0,242,62,1.05,2.24,42.4,28.0,16.4,29.5,9.5,117.4,114.4,0.059000000000000004,0,1.12,0.98,220.0,112.00000000000001,61.48,29.52,0.3136,56.0,22.4,22.4,51,4.929245283018868,9.858490566037736,6.900943396226415,3,8.035714285714285
melee,swordsman,5,splash_four,proposed,21/7/12/2/7/2,53,0,272,62,1.5,2.24,58.8,32.4,16.8,36.5,10.0,119.4,115.9,0.059500000000000004,0,1.14,0.977,220.0,113.99999999999999,85.25999999999999,30.240000000000002,0.31264,64.8,23.799999999999997,22.4,51,4.918224299065421,9.836448598130842,6.885514018691589,3,8.035714285714285
melee,swordsman,5,balanced,old,10/7/10/4/7/4,12,0,232,72,1.0,2.48,32.8,28.0,20.8,25.0,13.0,119.8,116.3,0.0655,0,1.14,0.975,220.0,113.99999999999999,47.559999999999995,37.440000000000005,0.312,56.0,27.799999999999997,24.8,57,4.918224299065421,9.836448598130842,6.885514018691589,4,7.258064516129032
melee,swordsman,5,balanced,proposed,13/9/12/6/9/6,53,0,272,82,1.5,2.92,40.6,33.2,25.85,32.5,18.0,124.2,119.7,0.07450000000000001,0.002,1.18,0.967,220.0,118.0,58.87,46.53,0.30944,66.4,34.6,27.2,63,4.896788990825688,9.793577981651376,6.855504587155963,4,6.164383561643835
melee,swordsman,10,concentrated,old,35/5/8/2/5/2,27,0,252,77,0.9,2.24,82.0,34.0,16.0,33.5,8.0,120.4,117.9,0.0585,0,1.0999999999999999,0.983,220.0,109.99999999999999,118.89999999999999,28.8,0.31456,68.0,21.0,22.4,51,4.940476190476191,9.880952380952381,6.916666666666667,4,8.035714285714285
melee,swordsman,10,concentrated,proposed,40/5/8/2/5/2,124,3,252,77,1.1,2.24,108.0,36.0,16.0,36.0,8.0,120.4,117.9,0.0585,0,1.0999999999999999,0.983,220.0,109.99999999999999,156.6,28.8,0.31456,72.0,21.0,22.4,51,4.940476190476191,9.880952380952381,6.916666666666667,4,8.035714285714285
melee,swordsman,10,two,old,27/5/16/2/5/2,27,0,332,77,1.3,2.24,66.0,30.8,16.0,45.5,12.0,120.4,117.9,0.0585,0,1.0999999999999999,0.983,220.0,109.99999999999999,95.7,28.8,0.31456,61.6,21.0,22.4,51,4.940476190476191,9.880952380952381,6.916666666666667,4,8.035714285714285
melee,swordsman,10,two,proposed,34/5/20/2/5/2,124,0,412,77,2.3,2.24,89.0,33.6,16.0,61.0,14.0,120.4,117.9,0.0585,0,1.0999999999999999,0.983,220.0,109.99999999999999,129.04999999999998,28.8,0.31456,67.2,21.0,22.4,51,4.940476190476191,9.880952380952381,6.916666666666667,4,8.035714285714285
melee,swordsman,10,splash_three,old,26/5/14/2/8/2,27,0,312,77,1.2000000000000002,2.24,65.2,36.4,17.2,41.0,11.0,126.4,117.9,0.06,0,1.115,0.974,220.0,111.5,94.54,30.96,0.31168,72.8,25.2,22.4,51,4.907407407407407,9.814814814814815,6.87037037037037,4,8.035714285714285
melee,swordsman,10,splash_three,proposed,34/5/17/2/9/2,124,1,362,77,1.9500000000000002,2.24,90.6,41.6,17.6,53.0,12.5,128.4,117.9,0.0605,0,1.1199999999999999,0.971,220.0,111.99999999999999,131.36999999999998,31.680000000000003,0.31072,83.2,26.6,22.4,51,4.896788990825688,9.793577981651376,6.855504587155963,4,8.035714285714285
melee,swordsman,10,splash_four,old,24/8/13/2/8/2,27,0,302,77,1.15,2.24,61.2,35.6,17.2,38.0,10.5,126.4,122.4,0.06,0,1.1600000000000001,0.974,220.0,116.00000000000001,88.74,30.96,0.31168,71.2,25.2,22.4,51,4.907407407407407,9.814814814814815,6.87037037037037,4,8.035714285714285
melee,swordsman,10,splash_four,proposed,33/9/16/2/9/2,124,1,352,77,1.9000000000000001,2.24,88.6,41.2,17.6,50.5,12.0,128.4,123.9,0.0605,0,1.18,0.971,220.0,118.0,128.47,31.680000000000003,0.31072,82.4,26.6,22.4,51,4.896788990825688,9.793577981651376,6.855504587155963,4,8.035714285714285
melee,swordsman,10,balanced,old,13/10/13/6/9/6,27,0,302,97,1.15,2.7199999999999998,39.6,33.2,25.6,32.5,18.5,129.2,126.2,0.07250000000000001,0,1.1949999999999998,0.967,220.0,119.49999999999999,57.42,46.080000000000005,0.30944,66.4,34.6,27.2,63,4.896788990825688,9.793577981651376,6.855504587155963,5,6.61764705882353
melee,swordsman,10,balanced,proposed,17/14/17/11/14/10,124,0,362,127,1.9500000000000002,3.52,50.6,45.8,38.85,44.5,32.5,142.0,135.0,0.09100000000000001,0.004,1.3,0.9369999999999999,220.0,130.0,73.37,69.93,0.29984,91.6,51.599999999999994,33.2,78,4.8464912280701755,9.692982456140351,6.785087719298246,7,5.113636363636363
melee,swordsman,15,concentrated,old,50/5/8/2/5/2,42,0,292,92,0.9,2.24,112.0,40.0,16.0,41.0,8.0,125.4,122.9,0.0585,0,1.0999999999999999,0.983,220.0,109.99999999999999,162.4,28.8,0.31456,80.0,21.0,22.4,51,4.940476190476191,9.880952380952381,6.916666666666667,5,8.035714285714285
melee,swordsman,15,concentrated,proposed,53/5/8/2/5/2,200,0,292,92,1.1,2.24,143.0,41.2,16.0,42.5,8.0,125.4,122.9,0.0585,0,1.0999999999999999,0.983,220.0,109.99999999999999,207.35,28.8,0.31456,82.4,21.0,22.4,51,4.940476190476191,9.880952380952381,6.916666666666667,5,8.035714285714285
melee,swordsman,15,two,old,37/5/21/2/5/2,42,0,422,92,1.55,2.24,86.0,34.8,16.0,60.5,14.5,125.4,122.9,0.0585,0,1.0999999999999999,0.983,220.0,109.99999999999999,124.7,28.8,0.31456,69.6,21.0,22.4,51,4.940476190476191,9.880952380952381,6.916666666666667,5,8.035714285714285
melee,swordsman,15,two,proposed,45/5/24/2/5/2,200,2,492,92,2.5,2.24,118.0,38.0,16.0,74.5,16.0,125.4,122.9,0.0585,0,1.0999999999999999,0.983,220.0,109.99999999999999,171.1,28.8,0.31456,76.0,21.0,22.4,51,4.940476190476191,9.880952380952381,6.916666666666667,5,8.035714285714285
melee,swordsman,15,splash_three,old,37/5/17/2/9/2,42,0,382,92,1.35,2.24,87.6,42.8,17.6,52.5,12.5,133.4,122.9,0.0605,0,1.1199999999999999,0.971,220.0,111.99999999999999,127.01999999999998,31.680000000000003,0.31072,85.6,26.6,22.4,51,4.896788990825688,9.793577981651376,6.855504587155963,5,8.035714285714285
melee,swordsman,15,splash_three,proposed,46/5/19/2/11/2,200,2,422,92,2.0500000000000003,2.24,122.4,51.400000000000006,18.4,63.0,13.5,139.4,122.9,0.0615,0,1.13,0.955,220.0,112.99999999999999,177.48,33.12,0.3056,102.80000000000001,29.4,22.4,51,4.876126126126127,9.752252252252253,6.826576576576577,5,8.035714285714285
melee,swordsman,15,splash_four,old,33/9/17/2/9/2,42,0,382,92,1.35,2.24,79.6,41.2,17.6,50.5,12.5,133.4,128.9,0.0605,0,1.18,0.971,220.0,118.0,115.41999999999999,31.680000000000003,0.31072,82.4,26.6,22.4,51,4.896788990825688,9.793577981651376,6.855504587155963,5,8.035714285714285
melee,swordsman,15,splash_four,proposed,43/11/21/2/11/2,200,2,462,92,2.35,2.24,116.4,50.2,18.4,67.5,14.5,139.4,133.9,0.0615,0,1.24,0.955,220.0,124.0,168.78,33.12,0.3056,100.4,29.4,22.4,51,4.876126126126127,9.752252252252253,6.826576576576577,5,8.035714285714285
melee,swordsman,15,balanced,old,15/12/15/9/12/9,42,0,362,127,1.25,3.08,44.8,40.0,32.8,37.5,25.5,140.8,134.8,0.083,0,1.24,0.955,220.0,124.0,64.96,59.04,0.3056,80.0,44.8,30.799999999999997,72,4.866071428571429,9.732142857142858,6.8125,7,5.844155844155844
melee,swordsman,15,balanced,proposed,21/18/21/15/18/15,200,2,462,162,2.35,4.2,63.2,55.4,50.45,56.5,42.5,156.0,147.0,0.11000000000000001,0.006,1.3800000000000001,0.9209999999999999,220.0,138.0,91.64,90.81,0.29472,110.8,65.2,38.0,90,4.809322033898305,9.61864406779661,6.733050847457627,9,4.285714285714286
melee,swordsman,20,concentrated,old,60/5/8/2/5/2,57,5,332,107,0.9,2.24,132.0,44.0,16.0,46.0,8.0,130.4,127.9,0.0585,0,1.0999999999999999,0.983,220.0,109.99999999999999,191.4,28.8,0.31456,88.0,21.0,22.4,51,4.940476190476191,9.880952380952381,6.916666666666667,5,8.035714285714285
melee,swordsman,20,concentrated,proposed,60/5/8/2/5/2,281,32,332,107,1.1,2.24,168.0,44.0,16.0,46.0,8.0,130.4,127.9,0.0585,0,1.0999999999999999,0.983,220.0,109.99999999999999,243.6,28.8,0.31456,88.0,21.0,22.4,51,4.940476190476191,9.880952380952381,6.916666666666667,5,8.035714285714285
melee,swordsman,20,two,old,48/5/25/2/5/2,57,0,502,107,1.75,2.24,108.0,39.2,16.0,74.0,16.5,130.4,127.9,0.0585,0,1.0999999999999999,0.983,220.0,109.99999999999999,156.6,28.8,0.31456,78.4,21.0,22.4,51,4.940476190476191,9.880952380952381,6.916666666666667,5,8.035714285714285
melee,swordsman,20,two,proposed,55/5/28/2/5/2,281,3,572,107,2.9000000000000004,2.24,147.0,42.0,16.0,87.5,18.0,130.4,127.9,0.0585,0,1.0999999999999999,0.983,220.0,109.99999999999999,213.15,28.8,0.31456,84.0,21.0,22.4,51,4.940476190476191,9.880952380952381,6.916666666666667,5,8.035714285714285
melee,swordsman,20,splash_three,old,47/5/20/2/11/2,57,0,452,107,1.5,2.24,108.4,50.8,18.4,63.5,14.0,142.4,127.9,0.0615,0,1.13,0.965,220.0,112.99999999999999,157.18,33.12,0.3088,101.6,29.4,22.4,51,4.876126126126127,9.752252252252253,6.826576576576577,5,8.035714285714285
melee,swordsman,20,splash_three,proposed,56/5/23/2/12/2,281,1,522,107,2.45,2.24,151.8,57.400000000000006,18.8,78.0,15.5,146.4,127.9,0.062,0,1.135,0.952,220.0,113.5,220.11,33.84,0.30463999999999997,114.80000000000001,30.799999999999997,22.4,51,4.866071428571429,9.732142857142858,6.8125,5,8.035714285714285
melee,swordsman,20,splash_four,old,42/11/19/2/11/2,57,0,442,107,1.4500000000000002,2.24,98.4,48.8,18.4,59.0,13.5,142.4,136.9,0.0615,0,1.22,0.965,220.0,122.0,142.68,33.12,0.3088,97.6,29.4,22.4,51,4.876126126126127,9.752252252252253,6.826576576576577,5,8.035714285714285
melee,swordsman,20,splash_four,proposed,53/13/23/2/13/2,281,1,522,107,2.45,2.24,146.2,58.2,19.2,76.5,15.5,148.4,141.9,0.0625,0,1.28,0.949,220.0,128.0,211.98999999999998,34.56,0.30368,116.4,32.2,22.4,51,4.856194690265487,9.712389380530974,6.798672566371682,5,8.035714285714285
melee,swordsman,20,balanced,old,18/15/18/11/14/11,57,0,432,152,1.4,3.32,51.6,45.2,37.6,45.0,31.0,150.2,144.7,0.09000000000000001,0,1.2950000000000002,0.947,220.0,129.50000000000003,74.82,67.68,0.30304,90.4,51.599999999999994,33.2,78,4.8464912280701755,9.692982456140351,6.785087719298246,8,5.421686746987952
melee,swordsman,20,balanced,proposed,25/22/25/19/22/19,281,1,542,197,2.75,4.879999999999999,72.8,68.0,60.05,66.5,52.5,171.8,160.8,0.12400000000000001,0.006,1.4800000000000002,0.8949999999999999,220.0,148.00000000000003,105.55999999999999,108.09,0.2864,136.0,78.8,42.8,102,4.774590163934426,9.549180327868852,6.684426229508197,10,3.688524590163935
melee,swordsman,30,concentrated,old,60/5/8/2/5/2,87,35,412,137,0.9,2.24,132.0,44.0,16.0,46.0,8.0,140.4,137.9,0.0585,0,1.0999999999999999,0.983,220.0,109.99999999999999,191.4,28.8,0.31456,88.0,21.0,22.4,51,4.940476190476191,9.880952380952381,6.916666666666667,7,8.035714285714285
melee,swordsman,30,concentrated,proposed,60/5/8/2/5/2,458,209,412,137,1.1,2.24,168.0,44.0,16.0,46.0,8.0,140.4,137.9,0.0585,0,1.0999999999999999,0.983,220.0,109.99999999999999,243.6,28.8,0.31456,88.0,21.0,22.4,51,4.940476190476191,9.880952380952381,6.916666666666667,7,8.035714285714285
melee,swordsman,30,two,old,60/5/43/2/5/2,87,0,762,137,2.65,2.24,132.0,44.0,16.0,116.0,25.5,140.4,137.9,0.0585,0,1.0999999999999999,0.983,220.0,109.99999999999999,191.4,28.8,0.31456,88.0,21.0,22.4,51,4.940476190476191,9.880952380952381,6.916666666666667,7,8.035714285714285
melee,swordsman,30,two,proposed,60/5/54/2/5/2,458,2,972,137,5.2,2.24,168.0,44.0,16.0,148.0,31.0,140.4,137.9,0.0585,0,1.0999999999999999,0.983,220.0,109.99999999999999,243.6,28.8,0.31456,88.0,21.0,22.4,51,4.940476190476191,9.880952380952381,6.916666666666667,7,8.035714285714285
melee,swordsman,30,splash_three,old,60/5/31/2/17/2,87,0,642,137,2.05,2.24,136.8,68.0,20.8,92.0,19.5,164.4,137.9,0.0645,0,1.16,0.947,220.0,115.99999999999999,198.36,37.440000000000005,0.30304,136.0,37.8,22.4,51,4.818376068376068,9.636752136752136,6.745726495726496,7,8.035714285714285
melee,swordsman,30,splash_three,proposed,60/5/45/2/25/2,458,1,862,137,4.55,2.24,176.0,88.0,24.0,128.0,26.5,184.4,137.9,0.0685,0,1.2,0.903,220.0,120.0,255.2,43.2,0.28896,176.0,49.0,22.4,51,4.75,9.5,6.6499999999999995,7,8.035714285714285
melee,swordsman,30,splash_four,old,60/14/25/2/14/2,87,0,582,137,1.75,2.24,135.6,62.0,19.6,80.0,16.5,158.4,151.4,0.063,0,1.28,0.956,220.0,128.0,196.61999999999998,35.28,0.30591999999999997,124.0,33.599999999999994,22.4,51,4.8464912280701755,9.692982456140351,6.785087719298246,7,8.035714285714285
melee,swordsman,30,splash_four,proposed,60/21/40/2/22/2,458,0,812,137,4.1,2.24,174.8,82.0,22.8,118.0,24.0,178.4,165.9,0.067,0,1.465,0.9119999999999999,220.0,146.5,253.46,41.04,0.29184,164.0,44.8,22.4,51,4.774590163934426,9.549180327868852,6.684426229508197,7,8.035714285714285
melee,swordsman,30,balanced,old,23/20/23/16/19/16,87,0,562,207,1.6500000000000001,3.92,63.6,57.2,49.6,57.5,43.5,171.2,163.2,0.1075,0,1.395,0.9269999999999999,220.0,139.5,92.22,89.28,0.29663999999999996,114.4,68.6,39.2,93,4.800420168067227,9.600840336134453,6.720588235294118,11,4.591836734693878
melee,swordsman,30,balanced,proposed,33/30/32/26/29/26,458,3,712,267,3.3000000000000003,5.92,96.6,85.2,82.1,86.5,72.0,197.2,186.2,0.15250000000000002,0.01,1.655,0.867,220.0,165.5,140.07,147.78,0.27744,170.4,102.6,51.2,123,4.7189922480620154,9.437984496124031,6.6065891472868215,14,3.040540540540541
mage,mage,5,concentrated,old,2/5/5/21/7/2,12,0,182,157,0.75,4.52,16.8,24.8,54.8,11.0,44.5,119.4,112.9,0.059500000000000004,0,1.1099999999999999,0.958,220.0,110.99999999999999,24.36,98.64,0.30656,49.6,61.8,45.2,108,4.918224299065421,9.836448598130842,6.885514018691589,8,3.9823008849557526
mage,mage,5,concentrated,proposed,2/5/5/25/7/2,53,3,182,187,0.95,5.8,16.8,24.8,71.3,11.0,56.5,119.4,112.9,0.059500000000000004,0,1.1099999999999999,0.954,220.0,110.99999999999999,24.36,128.34,0.30528,49.6,69.8,50.0,120,4.918224299065421,9.836448598130842,6.885514018691589,10,3.103448275862069
mage,mage,5,two,old,2/5/5/17/11/2,12,0,182,137,0.75,4.04,18.4,32.8,48.4,11.0,36.5,127.4,112.9,0.0615,0,1.13,0.95,220.0,112.99999999999999,26.679999999999996,87.12,0.304,65.6,59.4,40.4,96,4.876126126126127,9.752252252252253,6.826576576576577,7,4.455445544554456
mage,mage,5,two,proposed,2/5/5/22/13/2,53,1,182,172,0.95,5.24,19.2,37.8,65.45,11.0,50.5,133.4,112.9,0.0625,0,1.14,0.9289999999999999,220.0,113.99999999999999,27.84,117.81,0.29728,75.6,72.2,46.4,111,4.856194690265487,9.712389380530974,6.798672566371682,9,3.4351145038167936
mage,mage,5,splash_three,old,2/5/6/17/10/2,12,0,192,137,0.8,4.04,18.0,30.8,48.0,13.0,37.0,125.4,112.9,0.061,0,1.125,0.953,220.0,112.5,26.099999999999998,86.4,0.30496,61.6,58.0,40.4,96,4.886363636363637,9.772727272727273,6.840909090909091,7,4.455445544554456
mage,mage,5,splash_three,proposed,2/5/7/22/12/2,53,0,202,172,1.05,5.24,18.8,35.8,65.05,15.0,51.5,131.4,112.9,0.062,0,1.135,0.9319999999999999,220.0,113.5,27.26,117.09,0.29824,71.6,70.8,46.4,111,4.866071428571429,9.732142857142858,6.8125,9,3.4351145038167936
mage,mage,5,splash_four,old,2/6/6/16/10/2,12,0,192,132,0.8,3.92,18.0,30.8,46.0,13.0,35.0,125.4,114.4,0.061,0,1.1400000000000001,0.954,220.0,114.00000000000001,26.099999999999998,82.8,0.30528,61.6,56.0,39.2,93,4.886363636363637,9.772727272727273,6.840909090909091,7,4.591836734693878
mage,mage,5,splash_four,proposed,2/7/7/21/12/2,53,0,202,167,1.05,5.119999999999999,18.8,35.8,63.05,15.0,49.5,131.4,115.9,0.062,0,1.165,0.9329999999999999,220.0,116.5,27.26,113.49,0.29856,71.6,68.8,45.2,108,4.866071428571429,9.732142857142858,6.8125,9,3.5156250000000004
mage,mage,5,balanced,old,4/7/7/11/9/4,12,0,202,107,0.8500000000000001,3.32,21.6,29.6,35.6,16.0,25.5,123.8,116.3,0.0665,0,1.15,0.962,220.0,114.99999999999999,31.32,64.08,0.30784,59.2,44.6,33.2,78,4.896788990825688,9.793577981651376,6.855504587155963,5,5.421686746987952
mage,mage,5,balanced,proposed,7/9/9/13/11/6,53,1,222,122,1.15,3.96,28.4,35.8,41.65,21.5,32.5,130.2,119.7,0.07550000000000001,0.002,1.19,0.944,220.0,119.0,41.18,74.97,0.30208,71.6,51.4,35.6,84,4.876126126126127,9.752252252252253,6.826576576576577,6,4.545454545454546
mage,mage,10,concentrated,old,2/5/5/36/7/2,27,0,222,247,0.75,6.32,16.8,24.8,84.8,11.0,74.5,124.4,117.9,0.059500000000000004,0,1.1099999999999999,0.943,220.0,110.99999999999999,24.36,152.64,0.30176,49.6,91.8,63.199999999999996,153,4.918224299065421,9.836448598130842,6.885514018691589,13,2.848101265822785
mage,mage,10,concentrated,proposed,2/5/5/41/7/2,124,0,222,292,0.95,8.120000000000001,16.8,24.8,117.05,11.0,92.5,124.4,117.9,0.059500000000000004,0,1.1099999999999999,0.938,220.0,110.99999999999999,24.36,210.69,0.30016,49.6,101.8,69.19999999999999,168,4.918224299065421,9.836448598130842,6.885514018691589,16,2.216748768472906
mage,mage,10,two,old,2/5/5/28/15/2,27,0,222,207,0.75,5.359999999999999,20.0,40.8,72.0,11.0,58.5,140.4,117.9,0.0635,0,1.15,0.9269999999999999,220.0,114.99999999999999,29.0,129.6,0.29663999999999996,81.6,87.0,53.6,129,4.83695652173913,9.67391304347826,6.771739130434782,11,3.3582089552238807
mage,mage,10,two,proposed,2/5/5/35/18/2,124,1,222,257,0.95,7.2,21.2,47.8,105.7,11.0,78.5,148.4,117.9,0.065,0,1.165,0.9009999999999999,220.0,116.5,30.74,190.26000000000002,0.28831999999999997,95.6,105.2,62.0,150,4.809322033898305,9.61864406779661,6.733050847457627,14,2.5
mage,mage,10,splash_three,old,2/5/8/27/13/2,27,0,252,202,0.9,5.24,19.2,36.8,69.2,17.0,58.0,136.4,117.9,0.0625,0,1.14,0.9339999999999999,220.0,113.99999999999999,27.84,124.56,0.29888,73.6,82.2,52.4,126,4.856194690265487,9.712389380530974,6.798672566371682,11,3.4351145038167936
mage,mage,10,splash_three,proposed,2/5/10/35/15/2,124,0,292,257,1.4,7.2,20.0,41.8,104.5,23.0,81.0,142.4,117.9,0.0635,0,1.15,0.9099999999999999,220.0,114.99999999999999,29.0,188.1,0.29119999999999996,83.6,101.0,62.0,150,4.83695652173913,9.67391304347826,6.771739130434782,14,2.5
mage,mage,10,splash_four,old,2/8/8/25/12/2,27,0,252,192,0.9,5.0,18.8,34.8,64.8,17.0,54.0,134.4,122.4,0.062,0,1.1800000000000002,0.939,220.0,118.00000000000001,27.26,116.64,0.30047999999999997,69.6,76.8,50.0,120,4.866071428571429,9.732142857142858,6.8125,10,3.6
mage,mage,10,splash_four,proposed,2/9/9/33/16/2,124,1,262,247,1.15,6.96,20.4,43.8,95.4,19.0,76.5,144.4,123.9,0.064,0,1.215,0.9089999999999999,220.0,121.50000000000001,29.58,171.72000000000003,0.29087999999999997,87.6,98.4,59.6,144,4.827586206896552,9.655172413793103,6.758620689655173,13,2.586206896551724
mage,mage,10,balanced,old,7/10/10/13/11/6,27,0,272,132,1.0,3.56,28.4,34.8,40.4,23.5,31.0,133.2,126.2,0.07350000000000001,0,1.2049999999999998,0.954,220.0,120.49999999999999,41.18,72.72,0.30528,69.6,51.4,35.6,84,4.876126126126127,9.752252252252253,6.826576576576577,7,5.056179775280899
mage,mage,10,balanced,proposed,11/14/14/18/16/10,124,0,332,162,1.6,4.76,39.4,47.4,55.65,35.5,45.0,146.0,135.0,0.092,0.004,1.31,0.9239999999999999,220.0,131.0,57.129999999999995,100.17,0.29568,94.8,68.4,41.599999999999994,99,4.827586206896552,9.655172413793103,6.758620689655173,9,3.781512605042017
mage,mage,15,concentrated,old,2/5/5/51/7/2,42,0,262,337,0.75,8.120000000000001,16.8,24.8,114.8,11.0,104.5,129.4,122.9,0.059500000000000004,0,1.1099999999999999,0.9279999999999999,220.0,110.99999999999999,24.36,206.64,0.29696,49.6,121.8,81.19999999999999,198,4.918224299065421,9.836448598130842,6.885514018691589,18,2.216748768472906
mage,mage,15,concentrated,proposed,2/5/5/53/7/2,200,2,262,372,0.95,9.959999999999999,16.8,24.8,156.05,11.0,118.5,129.4,122.9,0.059500000000000004,0,1.1099999999999999,0.9259999999999999,220.0,110.99999999999999,24.36,280.89000000000004,0.29632,49.6,125.8,83.6,204,4.918224299065421,9.836448598130842,6.885514018691589,20,1.8072289156626509
mage,mage,15,two,old,2/5/5/38/20/2,42,0,262,272,0.75,6.56,22.0,50.8,94.0,11.0,78.5,155.4,122.9,0.066,0,1.175,0.9019999999999999,220.0,117.5,31.9,169.20000000000002,0.28863999999999995,101.6,114.0,65.6,159,4.791666666666667,9.583333333333334,6.708333333333334,15,2.7439024390243905
mage,mage,15,two,proposed,2/5/5/46/23/2,200,0,262,332,0.95,8.92,23.200000000000003,60.8,140.45,11.0,102.5,165.4,122.9,0.0675,0,1.19,0.865,220.0,119.0,33.64,252.80999999999997,0.2768,121.6,134.2,75.19999999999999,183,4.766260162601626,9.532520325203253,6.6727642276422765,18,2.0179372197309418
mage,mage,15,splash_three,old,2/5/9/38/16/2,42,0,302,272,0.95,6.56,20.4,42.8,92.4,19.0,80.5,147.4,122.9,0.064,0,1.155,0.9139999999999999,220.0,115.5,29.58,166.32000000000002,0.29247999999999996,85.6,108.4,65.6,159,4.827586206896552,9.655172413793103,6.758620689655173,15,2.7439024390243905
mage,mage,15,splash_three,proposed,2/5/11/46/19/2,200,2,342,332,1.4500000000000002,8.92,21.6,49.8,138.85,25.0,105.5,155.4,122.9,0.0655,0,1.17,0.8869999999999999,220.0,117.0,31.32,249.93,0.28384,99.6,128.6,75.19999999999999,183,4.800420168067227,9.600840336134453,6.720588235294118,18,2.0179372197309418
mage,mage,15,splash_four,old,2/9/9/34/16/2,42,0,302,252,0.95,6.08,20.4,42.8,84.4,19.0,72.5,147.4,128.9,0.064,0,1.215,0.9179999999999999,220.0,121.50000000000001,29.58,151.92000000000002,0.29375999999999997,85.6,100.4,60.8,147,4.827586206896552,9.655172413793103,6.758620689655173,14,2.9605263157894735
mage,mage,15,splash_four,proposed,2/11/11/44/19/2,200,2,342,322,1.4500000000000002,8.68,21.6,49.8,130.6,25.0,101.5,155.4,133.9,0.0655,0,1.28,0.8889999999999999,220.0,128.0,31.32,235.07999999999998,0.28447999999999996,99.6,124.6,72.8,177,4.800420168067227,9.600840336134453,6.720588235294118,17,2.0737327188940093
mage,mage,15,balanced,old,9/12/12/16/14/9,42,0,332,162,1.1,3.92,33.6,41.6,47.6,28.5,38.0,144.8,134.8,0.084,0,1.25,0.942,220.0,125.0,48.72,85.68,0.30144,83.2,61.599999999999994,39.2,93,4.8464912280701755,9.692982456140351,6.785087719298246,9,4.591836734693878
mage,mage,15,balanced,proposed,15/18/18/22/20/15,200,1,412,202,2.0,5.24,49.0,60.0,68.25,45.5,57.0,162.0,147.0,0.111,0.006,1.3900000000000001,0.8979999999999999,220.0,139.0,71.05,122.85000000000001,0.28736,120.0,82.0,46.4,111,4.791666666666667,9.583333333333334,6.708333333333334,11,3.4351145038167936
mage,mage,20,concentrated,old,2/5/5/60/7/2,57,6,302,397,0.75,9.2,16.8,24.8,132.8,11.0,122.5,134.4,127.9,0.059500000000000004,0,1.1099999999999999,0.919,220.0,110.99999999999999,24.36,239.04000000000002,0.29408,49.6,139.8,92.0,225,4.918224299065421,9.836448598130842,6.885514018691589,22,1.956521739130435
mage,mage,20,concentrated,proposed,2/5/5/60/7/2,281,34,302,427,0.95,11.2,16.8,24.8,184.8,11.0,134.5,134.4,127.9,0.059500000000000004,0,1.1099999999999999,0.919,220.0,110.99999999999999,24.36,332.64000000000004,0.29408,49.6,139.8,92.0,225,4.918224299065421,9.836448598130842,6.885514018691589,23,1.6071428571428572
mage,mage,20,two,old,2/5/5/49/24/2,57,0,302,342,0.75,7.88,23.6,58.8,117.6,11.0,100.5,168.4,127.9,0.068,0,1.1949999999999998,0.8789999999999999,220.0,119.49999999999999,34.22,211.68,0.28128,117.6,141.6,78.8,192,4.758064516129032,9.516129032258064,6.661290322580646,19,2.284263959390863
mage,mage,20,two,proposed,2/5/5/56/27/2,281,0,302,402,0.95,10.52,24.8,68.8,179.05,11.0,124.5,178.4,127.9,0.0695,0,1.21,0.843,220.0,121.0,35.96,322.29,0.26976,137.6,159.8,87.2,213,4.734251968503937,9.468503937007874,6.627952755905512,22,1.7110266159695817
mage,mage,20,splash_three,old,2/5/11/48/19/2,57,0,362,337,1.05,7.76,21.6,48.8,113.6,23.0,101.5,158.4,127.9,0.0655,0,1.17,0.8949999999999999,220.0,117.0,31.32,204.48,0.2864,97.6,132.6,77.6,189,4.800420168067227,9.600840336134453,6.720588235294118,18,2.3195876288659796
mage,mage,20,splash_three,proposed,2/5/12/57/21/2,281,2,392,407,1.5,10.64,22.4,56.8,178.65,27.0,130.0,166.4,127.9,0.0665,0,1.18,0.86,220.0,118.0,32.48,321.57,0.2752,113.6,153.4,88.39999999999999,216,4.783057851239669,9.566115702479339,6.696280991735537,22,1.6917293233082706
mage,mage,20,splash_four,old,2/11/11/43/18/2,57,0,362,312,1.05,7.16,21.2,46.8,103.2,23.0,91.5,156.4,136.9,0.065,0,1.2550000000000001,0.9029999999999999,220.0,125.50000000000001,30.74,185.76000000000002,0.28896,93.6,121.2,71.6,174,4.809322033898305,9.61864406779661,6.733050847457627,17,2.5139664804469275
mage,mage,20,splash_four,proposed,2/13/13/53/23/2,281,1,402,387,1.5499999999999998,9.959999999999999,23.200000000000003,60.8,162.45,29.0,122.5,170.4,141.9,0.0675,0,1.33,0.858,220.0,133.0,33.64,292.40999999999997,0.27456,121.6,148.2,83.6,204,4.766260162601626,9.532520325203253,6.6727642276422765,21,1.8072289156626509
mage,mage,20,balanced,old,12/15/15/18/16/11,57,0,402,187,1.25,4.16,40.4,46.8,52.4,36.0,43.5,154.2,144.7,0.091,0,1.3050000000000002,0.9339999999999999,220.0,130.50000000000003,58.58,94.32,0.29888,93.6,68.4,41.599999999999994,99,4.827586206896552,9.655172413793103,6.758620689655173,10,4.326923076923077
mage,mage,20,balanced,proposed,19/22/22/26/24/19,281,1,512,237,2.4000000000000004,5.92,58.6,69.6,80.1,57.5,67.0,175.8,160.8,0.125,0.006,1.4900000000000002,0.8819999999999999,220.0,149.00000000000003,84.97,144.18,0.28224,139.2,95.6,51.2,123,4.758064516129032,9.516129032258064,6.661290322580646,13,3.040540540540541
mage,mage,30,concentrated,old,2/5/5/60/7/2,87,36,382,427,0.75,9.2,16.8,24.8,132.8,11.0,122.5,144.4,137.9,0.059500000000000004,0,1.1099999999999999,0.919,220.0,110.99999999999999,24.36,239.04000000000002,0.29408,49.6,139.8,92.0,225,4.918224299065421,9.836448598130842,6.885514018691589,23,1.956521739130435
mage,mage,30,concentrated,proposed,2/5/5/60/7/2,458,211,382,457,0.95,11.2,16.8,24.8,184.8,11.0,134.5,144.4,137.9,0.059500000000000004,0,1.1099999999999999,0.919,220.0,110.99999999999999,24.36,332.64000000000004,0.29408,49.6,139.8,92.0,225,4.918224299065421,9.836448598130842,6.885514018691589,25,1.6071428571428572
mage,mage,30,two,old,2/5/5/60/43/2,87,0,382,427,0.75,9.2,31.2,96.8,147.2,11.0,122.5,216.4,137.9,0.0775,0,1.29,0.8109999999999999,220.0,129.0,45.239999999999995,264.96,0.25952,193.6,190.2,92.0,225,4.624125874125874,9.248251748251748,6.473776223776223,23,1.956521739130435
mage,mage,30,two,proposed,2/5/5/60/54/2,458,2,382,457,0.95,11.2,35.6,143.8,203.6,11.0,134.5,248.4,137.9,0.083,0,1.345,0.728,220.0,134.5,51.62,366.48,0.23296,287.6,205.6,92.0,225,4.561688311688312,9.123376623376624,6.386363636363637,25,1.6071428571428572
mage,mage,30,splash_three,old,2/5/17/60/31/2,87,0,502,427,1.35,9.2,26.4,72.8,142.4,35.0,128.5,192.4,137.9,0.07150000000000001,0,1.23,0.847,220.0,123.0,38.279999999999994,256.32,0.27104,145.6,173.4,92.0,225,4.7041984732824424,9.408396946564885,6.58587786259542,23,1.956521739130435
mage,mage,30,splash_three,proposed,2/5/25/60/45/2,458,1,622,457,2.75,11.2,32.0,116.8,200.0,55.0,144.5,228.4,137.9,0.0785,0,1.3,0.7649999999999999,220.0,130.0,46.4,360.0,0.24479999999999996,233.6,193.0,92.0,225,4.612068965517241,9.224137931034482,6.456896551724138,25,1.6071428571428572
mage,mage,30,splash_four,old,2/14/14/60/25/2,87,0,472,427,1.2000000000000002,9.2,24.0,60.8,140.0,29.0,127.0,180.4,151.4,0.0685,0,1.335,0.865,220.0,133.5,34.8,252.0,0.2768,121.6,165.0,92.0,225,4.75,9.5,6.6499999999999995,23,1.956521739130435
mage,mage,30,splash_four,proposed,2/21/22/60/40/2,458,0,592,457,2.4000000000000004,11.2,30.0,106.8,198.0,49.0,143.0,218.4,165.9,0.076,0,1.555,0.78,220.0,155.5,43.5,356.40000000000003,0.24960000000000002,213.6,186.0,92.0,225,4.642857142857143,9.285714285714286,6.5,25,1.6071428571428572
mage,mage,30,balanced,old,17/20/20/23/21/16,87,0,532,242,1.5,4.76,52.4,58.8,64.4,48.5,56.0,175.2,163.2,0.1085,0,1.405,0.914,220.0,140.5,75.97999999999999,115.92000000000002,0.29248,117.6,85.4,47.599999999999994,114,4.783057851239669,9.566115702479339,6.696280991735537,13,3.781512605042017
mage,mage,30,balanced,proposed,27/30/30/33/31/26,458,0,692,307,3.2,6.96,80.4,91.8,101.4,79.5,87.0,203.2,186.2,0.15350000000000003,0.01,1.665,0.844,220.0,166.5,116.58,182.52,0.27008,183.6,119.4,59.6,144,4.7041984732824424,9.408396946564885,6.58587786259542,17,2.586206896551724
sentinel_critical,archer,5,concentrated,old,3/7/5/2/22/3,12,0,182,62,0.75,2.24,24.8,55.2,22.8,11.5,6.5,149.6,116.1,0.07,0,1.215,0.9319999999999999,220.0,121.50000000000001,35.96,41.04,0.29824,110.4,44.8,22.4,51,4.774590163934426,9.549180327868852,6.684426229508197,3,8.035714285714285
sentinel_critical,archer,5,concentrated,proposed,3/7/5/2/26/3,53,1,182,62,0.95,2.24,26.4,67.2,24.4,11.5,6.5,161.6,116.1,0.07200000000000001,0,1.2349999999999999,0.9,220.0,123.49999999999999,38.279999999999994,43.92,0.28800000000000003,134.4,50.4,22.4,51,4.742063492063492,9.484126984126984,6.638888888888888,3,8.035714285714285
sentinel_critical,archer,5,two,old,3/7/5/2/18/7,12,0,182,62,0.75,2.24,23.2,47.2,21.2,11.5,6.5,142.4,116.9,0.08000000000000002,0,1.195,0.944,220.0,119.5,33.64,38.16,0.30208,94.4,39.2,22.4,51,4.809322033898305,9.61864406779661,6.733050847457627,3,8.035714285714285
sentinel_critical,archer,5,two,proposed,3/7/5/2/23/9,53,1,182,62,0.95,2.24,25.200000000000003,61.2,23.200000000000003,11.5,6.5,156.8,117.3,0.0905,0.002,1.22,0.909,220.0,122.0,36.540000000000006,41.760000000000005,0.29088,122.4,46.199999999999996,22.4,51,4.766260162601626,9.532520325203253,6.6727642276422765,3,8.035714285714285
sentinel_critical,archer,5,splash_three,old,3/8/5/2/18/6,12,0,182,62,0.75,2.24,23.2,47.2,21.2,11.5,6.5,142.2,118.2,0.07700000000000001,0,1.2100000000000002,0.944,220.0,121.00000000000001,33.64,38.16,0.30208,94.4,39.2,22.4,51,4.809322033898305,9.61864406779661,6.733050847457627,3,8.035714285714285
sentinel_critical,archer,5,splash_three,proposed,3/9/5/2/23/7,53,1,182,62,0.95,2.24,25.200000000000003,61.2,23.200000000000003,11.5,6.5,156.4,119.9,0.0845,0.002,1.25,0.909,220.0,125.0,36.540000000000006,41.760000000000005,0.29088,122.4,46.199999999999996,22.4,51,4.766260162601626,9.532520325203253,6.6727642276422765,3,8.035714285714285
sentinel_critical,archer,5,splash_four,old,3/8/6/2/17/6,12,0,192,62,0.8,2.24,22.8,45.2,20.8,13.5,7.0,140.2,118.2,0.07650000000000001,0,1.205,0.947,220.0,120.5,33.06,37.440000000000005,0.30304,90.4,37.8,22.4,51,4.818376068376068,9.636752136752136,6.745726495726496,3,8.035714285714285
sentinel_critical,archer,5,splash_four,proposed,3/9/7/2/22/7,53,1,202,62,1.05,2.24,24.8,59.2,22.8,15.5,7.5,154.4,119.9,0.084,0.002,1.245,0.9119999999999999,220.0,124.50000000000001,35.96,41.04,0.29184,118.4,44.8,22.4,51,4.774590163934426,9.549180327868852,6.684426229508197,3,8.035714285714285
sentinel_critical,archer,5,balanced,old,5/9/7/4/12/5,12,0,202,72,0.8500000000000001,2.48,24.8,36.0,22.8,16.5,11.5,130.0,119.5,0.07100000000000001,0,1.195,0.96,220.0,119.5,35.96,41.04,0.3072,72.0,34.8,24.8,57,4.866071428571429,9.732142857142858,6.8125,4,7.258064516129032
sentinel_critical,archer,5,balanced,proposed,8/11/9/6/14/7,53,0,222,82,1.15,2.92,31.6,42.2,27.85,22.0,16.5,136.4,124.9,0.08000000000000002,0.002,1.2550000000000001,0.942,220.0,125.50000000000001,45.82,50.13,0.30144,84.4,41.599999999999994,27.2,63,4.8464912280701755,9.692982456140351,6.785087719298246,4,6.164383561643835
sentinel_critical,archer,10,concentrated,old,3/7/5/2/37/3,27,0,222,77,0.75,2.24,30.8,85.2,28.8,11.5,6.5,184.6,121.1,0.0775,0,1.29,0.887,220.0,129.0,44.66,51.84,0.28384000000000004,170.4,65.8,22.4,51,4.662408759124087,9.324817518248175,6.5273722627737225,4,8.035714285714285
sentinel_critical,archer,10,concentrated,proposed,3/7/5/2/41/3,124,2,222,77,0.95,2.24,32.400000000000006,109.2,30.400000000000002,11.5,6.5,200.6,121.1,0.0795,0,1.31,0.835,220.0,131.0,46.980000000000004,54.720000000000006,0.2672,218.4,71.4,22.4,51,4.636524822695035,9.27304964539007,6.49113475177305,4,8.035714285714285
sentinel_critical,archer,10,two,old,3/7/5/2/29/11,27,0,222,77,0.75,2.24,27.6,69.2,25.6,11.5,6.5,170.2,122.7,0.0975,0,1.25,0.911,220.0,125.0,40.02,46.080000000000005,0.29152,138.4,54.599999999999994,22.4,51,4.7189922480620154,9.437984496124031,6.6065891472868215,4,8.035714285714285
sentinel_critical,archer,10,two,proposed,3/7/5/2/36/14,124,2,222,77,0.95,2.24,30.4,92.2,28.4,11.5,6.5,190.8,123.3,0.114,0.004,1.285,0.86,220.0,128.5,44.08,51.12,0.2752,184.4,64.4,22.4,51,4.669117647058823,9.338235294117647,6.536764705882353,4,8.035714285714285
sentinel_critical,archer,10,splash_three,old,3/10/5/2/28/9,27,0,222,77,0.75,2.24,27.200000000000003,67.2,25.200000000000003,11.5,6.5,167.8,126.8,0.091,0,1.29,0.914,220.0,129.0,39.440000000000005,45.36000000000001,0.29248,134.4,53.199999999999996,22.4,51,4.7265625,9.453125,6.6171875,4,8.035714285714285
sentinel_critical,archer,10,splash_three,proposed,3/11/5/2/36/12,124,0,222,77,0.95,2.24,30.4,92.2,28.4,11.5,6.5,190.4,130.9,0.10800000000000001,0.004,1.365,0.86,220.0,136.5,44.08,51.12,0.2752,184.4,64.4,22.4,51,4.669117647058823,9.338235294117647,6.536764705882353,4,8.035714285714285
sentinel_critical,archer,10,splash_four,old,3/10/8/2/26/8,27,0,252,77,0.9,2.24,26.4,63.2,24.4,17.5,8.0,163.6,126.6,0.08700000000000001,0,1.2799999999999998,0.92,220.0,127.99999999999999,38.279999999999994,43.92,0.2944,126.4,50.4,22.4,51,4.742063492063492,9.484126984126984,6.638888888888888,4,8.035714285714285
sentinel_critical,archer,10,splash_four,proposed,3/11/9/2/35/11,124,0,262,77,1.15,2.24,30.0,90.2,28.0,19.5,8.5,188.2,130.7,0.10450000000000001,0.004,1.36,0.863,220.0,136.0,43.5,50.4,0.27616,180.4,63.0,22.4,51,4.6759259259259265,9.351851851851853,6.546296296296297,4,8.035714285714285
sentinel_critical,archer,10,balanced,old,8/12/10/6/14/7,27,0,272,97,1.0,2.7199999999999998,31.6,41.2,27.6,24.0,17.0,139.4,129.4,0.07800000000000001,0,1.25,0.952,220.0,125.0,45.82,49.68000000000001,0.30463999999999997,82.4,41.599999999999994,27.2,63,4.8464912280701755,9.692982456140351,6.785087719298246,5,6.61764705882353
sentinel_critical,archer,10,balanced,proposed,12/16/14/11/19/11,124,1,332,127,1.6,3.52,42.6,53.8,40.85,36.0,31.0,152.2,138.2,0.0965,0.004,1.355,0.9219999999999999,220.0,135.5,61.77,73.53,0.29503999999999997,107.6,58.599999999999994,33.2,78,4.800420168067227,9.600840336134453,6.720588235294118,7,5.113636363636363
sentinel_critical,archer,15,concentrated,old,3/7/5/2/52/3,42,0,262,92,0.75,2.24,36.8,115.2,34.8,11.5,6.5,219.6,126.1,0.085,0,1.365,0.842,220.0,136.5,53.35999999999999,62.63999999999999,0.26944,230.4,86.8,22.4,51,4.572368421052632,9.144736842105264,6.401315789473684,5,8.035714285714285
sentinel_critical,archer,15,concentrated,proposed,3/7/5/2/53/3,200,4,262,92,0.95,2.24,37.2,142.2,35.2,11.5,6.5,231.6,126.1,0.0855,0,1.37,0.7889999999999999,220.0,137.0,53.940000000000005,63.36000000000001,0.25248,284.4,88.19999999999999,22.4,51,4.566993464052287,9.133986928104575,6.393790849673202,5,8.035714285714285
sentinel_critical,archer,15,two,old,3/7/5/2/39/16,42,0,262,92,0.75,2.24,31.6,89.2,29.6,11.5,6.5,196.2,128.7,0.11750000000000001,0,1.3,0.881,220.0,130.0,45.82,53.28,0.28192,178.4,68.6,22.4,51,4.649280575539568,9.298561151079136,6.508992805755396,5,8.035714285714285
sentinel_critical,archer,15,two,proposed,3/7/5/2/47/19,200,2,262,92,0.95,2.24,34.8,121.2,32.8,11.5,6.5,220.8,129.3,0.1365,0.006,1.34,0.817,220.0,134.0,50.459999999999994,59.04,0.26144,242.4,79.8,22.4,51,4.600340136054422,9.200680272108844,6.44047619047619,5,8.035714285714285
sentinel_critical,archer,15,splash_three,old,3/11/5/2/39/12,42,0,262,92,0.75,2.24,31.6,89.2,29.6,11.5,6.5,195.4,133.9,0.10550000000000001,0,1.36,0.881,220.0,136.0,45.82,53.28,0.28192,178.4,68.6,22.4,51,4.649280575539568,9.298561151079136,6.508992805755396,5,8.035714285714285
sentinel_critical,archer,15,splash_three,proposed,3/13/5/2/47/15,200,0,262,92,0.95,2.24,34.8,121.2,32.8,11.5,6.5,220.0,139.5,0.1245,0.006,1.4500000000000002,0.817,220.0,145.00000000000003,50.459999999999994,59.04,0.26144,242.4,79.8,22.4,51,4.600340136054422,9.200680272108844,6.44047619047619,5,8.035714285714285
sentinel_critical,archer,15,splash_four,old,3/11/9/2/35/12,42,0,302,92,0.95,2.24,30.0,81.2,28.0,19.5,8.5,187.4,133.9,0.10350000000000001,0,1.34,0.893,220.0,134.0,43.5,50.4,0.28576,162.4,63.0,22.4,51,4.6759259259259265,9.351851851851853,6.546296296296297,5,8.035714285714285
sentinel_critical,archer,15,splash_four,proposed,3/13/11/2/45/15,200,0,342,92,1.4500000000000002,2.24,34.0,117.2,32.0,25.5,9.5,216.0,139.5,0.1235,0.006,1.4400000000000002,0.823,220.0,144.00000000000003,49.3,57.6,0.26336,234.4,77.0,22.4,51,4.612068965517241,9.224137931034482,6.456896551724138,5,8.035714285714285
sentinel_critical,archer,15,balanced,old,10/14/12/9/17/10,42,0,332,127,1.1,3.08,36.8,48.0,34.8,29.0,24.0,151.0,138.0,0.0885,0,1.295,0.94,220.0,129.5,53.35999999999999,62.63999999999999,0.3008,96.0,51.8,30.799999999999997,72,4.818376068376068,9.636752136752136,6.745726495726496,7,5.844155844155844
sentinel_critical,archer,15,balanced,proposed,16/20/18/15/23/16,200,0,412,162,2.0,4.2,52.2,66.4,52.45,46.0,41.0,168.2,152.2,0.1155,0.006,1.455,0.896,220.0,145.5,75.69,94.41000000000001,0.28672000000000003,132.8,72.19999999999999,38.0,90,4.766260162601626,9.532520325203253,6.6727642276422765,9,4.285714285714286
sentinel_critical,archer,20,concentrated,old,3/7/5/2/60/3,57,7,302,107,0.75,2.24,40.0,131.2,38.0,11.5,6.5,240.6,131.1,0.089,0,1.405,0.8180000000000001,220.0,140.5,58.0,68.4,0.26176000000000005,262.4,98.0,22.4,51,4.53125,9.0625,6.34375,5,8.035714285714285
sentinel_critical,archer,20,concentrated,proposed,3/7/5/2/60/3,281,36,302,107,0.95,2.24,40.0,167.2,38.0,11.5,6.5,252.6,131.1,0.089,0,1.405,0.758,220.0,140.5,58.0,68.4,0.24256,334.4,98.0,22.4,51,4.53125,9.0625,6.34375,5,8.035714285714285
sentinel_critical,archer,20,two,old,3/7/5/2/50/20,57,0,302,107,0.75,2.24,36.0,111.2,34.0,11.5,6.5,224.0,134.5,0.135,0,1.355,0.848,220.0,135.5,52.199999999999996,61.2,0.27136,222.4,84.0,22.4,51,4.583333333333333,9.166666666666666,6.416666666666666,5,8.035714285714285
sentinel_critical,archer,20,two,proposed,3/7/5/2/57/23,281,3,302,107,0.95,2.24,38.8,150.2,36.8,11.5,6.5,248.6,135.1,0.15550000000000003,0.008,1.3900000000000001,0.7769999999999999,220.0,139.0,56.25999999999999,66.24,0.24863999999999997,300.4,93.8,22.4,51,4.546178343949045,9.09235668789809,6.364649681528662,5,8.035714285714285
sentinel_critical,archer,20,splash_three,old,3/13/5/2/49/15,57,0,302,107,0.75,2.24,35.6,109.2,33.6,11.5,6.5,221.0,142.5,0.1195,0,1.44,0.851,220.0,144.0,51.62,60.480000000000004,0.27232,218.4,82.6,22.4,51,4.5889261744966445,9.177852348993289,6.424496644295302,5,8.035714285714285
sentinel_critical,archer,20,splash_three,proposed,3/15/5/2/57/18,281,0,302,107,0.95,2.24,38.8,150.2,36.8,11.5,6.5,247.6,148.1,0.1385,0.006,1.5300000000000002,0.7769999999999999,220.0,153.00000000000003,56.25999999999999,66.24,0.24863999999999997,300.4,93.8,22.4,51,4.546178343949045,9.09235668789809,6.364649681528662,5,8.035714285714285
sentinel_critical,archer,20,splash_four,old,3/13/11/2/44/14,57,0,362,107,1.05,2.24,33.6,99.2,31.6,23.5,9.5,210.8,142.3,0.11399999999999999,0,1.415,0.866,220.0,141.5,48.72,56.88,0.27712,198.4,75.6,22.4,51,4.618055555555555,9.23611111111111,6.465277777777779,5,8.035714285714285
sentinel_critical,archer,20,splash_four,proposed,3/15/13/2/54/19,281,0,402,107,1.5499999999999998,2.24,37.6,144.2,35.6,29.5,10.5,241.8,148.3,0.14,0.006,1.5150000000000001,0.7859999999999999,220.0,151.5,54.52,64.08,0.25151999999999997,288.4,89.6,22.4,51,4.561688311688312,9.123376623376624,6.386363636363637,5,8.035714285714285
sentinel_critical,archer,20,balanced,old,13/17/15/11/19/12,57,0,402,152,1.25,3.32,43.6,53.2,39.6,36.5,29.5,160.4,147.9,0.0955,0,1.3499999999999999,0.9319999999999999,220.0,135.0,63.22,71.28,0.29824,106.4,58.599999999999994,33.2,78,4.800420168067227,9.600840336134453,6.720588235294118,8,5.421686746987952
sentinel_critical,archer,20,balanced,proposed,20/24/22/19/27/20,281,1,512,197,2.4000000000000004,4.879999999999999,64.8,76.0,62.05,58.0,51.0,182.0,164.0,0.1315,0.008,1.535,0.88,220.0,153.5,93.96,111.69,0.2816,152.0,85.8,42.8,102,4.734251968503937,9.468503937007874,6.627952755905512,10,3.688524590163935
sentinel_critical,archer,30,concentrated,old,3/7/5/2/60/3,87,37,382,137,0.75,2.24,40.0,131.2,38.0,11.5,6.5,250.6,141.1,0.089,0,1.405,0.8180000000000001,220.0,140.5,58.0,68.4,0.26176000000000005,262.4,98.0,22.4,51,4.53125,9.0625,6.34375,7,8.035714285714285
sentinel_critical,archer,30,concentrated,proposed,3/7/5/2/60/3,458,213,382,137,0.95,2.24,40.0,167.2,38.0,11.5,6.5,262.6,141.1,0.089,0,1.405,0.758,220.0,140.5,58.0,68.4,0.24256,334.4,98.0,22.4,51,4.53125,9.0625,6.34375,7,8.035714285714285
sentinel_critical,archer,30,two,old,3/7/5/2/60/40,87,0,382,137,0.75,2.24,40.0,131.2,38.0,11.5,6.5,258.0,148.5,0.19999999999999998,0,1.405,0.8180000000000001,220.0,140.5,58.0,68.4,0.26176000000000005,262.4,98.0,22.4,51,4.53125,9.0625,6.34375,7,8.035714285714285
sentinel_critical,archer,30,two,proposed,3/7/5/2/60/53,458,3,382,137,0.95,2.24,40.0,167.2,38.0,11.5,6.5,272.6,151.1,0.259,0.02,1.405,0.758,220.0,140.5,58.0,68.4,0.24256,334.4,98.0,22.4,51,4.53125,9.0625,6.34375,7,8.035714285714285
sentinel_critical,archer,30,splash_three,old,3/19/5/2/60/28,87,0,382,137,0.75,2.24,40.0,131.2,38.0,11.5,6.5,255.6,164.1,0.164,0,1.585,0.8180000000000001,220.0,158.5,58.0,68.4,0.26176000000000005,262.4,98.0,22.4,51,4.53125,9.0625,6.34375,7,8.035714285714285
sentinel_critical,archer,30,splash_three,proposed,3/27/5/2/60/43,458,3,382,137,0.95,2.24,40.0,167.2,38.0,11.5,6.5,270.6,183.1,0.22499999999999998,0.016,1.745,0.758,220.0,174.5,58.0,68.4,0.24256,334.4,98.0,22.4,51,4.53125,9.0625,6.34375,7,8.035714285714285
sentinel_critical,archer,30,splash_four,old,3/16/14/2/60/22,87,0,472,137,1.2000000000000002,2.24,40.0,131.2,38.0,29.5,11.0,254.4,158.4,0.14600000000000002,0,1.54,0.8180000000000001,220.0,154.0,58.0,68.4,0.26176000000000005,262.4,98.0,22.4,51,4.53125,9.0625,6.34375,7,8.035714285714285
sentinel_critical,archer,30,splash_four,proposed,3/24/22/2/60/37,458,1,592,137,2.4000000000000004,2.24,40.0,167.2,38.0,49.5,15.0,269.4,177.4,0.20500000000000002,0.014,1.7,0.758,220.0,170.0,58.0,68.4,0.24256,334.4,98.0,22.4,51,4.53125,9.0625,6.34375,7,8.035714285714285
sentinel_critical,archer,30,balanced,old,18/22/20/16/24/17,87,0,532,207,1.5,3.92,55.6,65.2,51.6,49.0,42.0,181.4,166.4,0.113,0,1.4500000000000002,0.9119999999999999,220.0,145.00000000000003,80.62,92.88000000000001,0.29184,130.4,75.6,39.2,93,4.758064516129032,9.516129032258064,6.661290322580646,11,4.591836734693878
sentinel_critical,archer,30,balanced,proposed,28/32/29/26/34/27,458,2,662,267,2.95,5.92,83.6,98.2,84.1,76.0,70.5,209.4,189.4,0.15800000000000003,0.01,1.71,0.842,220.0,171.0,121.21999999999998,151.38,0.26944,196.4,109.6,51.2,123,4.682835820895522,9.365671641791044,6.5559701492537314,14,3.040540540540541
sentinel_caster,archer,5,concentrated,old,3/7/5/14/10/3,12,0,182,122,0.75,3.6799999999999997,20.0,31.2,42.0,11.5,30.5,125.6,116.1,0.064,0,1.155,0.956,220.0,115.5,29.0,75.60000000000001,0.30591999999999997,62.4,52.0,36.8,87,4.886363636363637,9.772727272727273,6.840909090909091,6,4.891304347826087
sentinel_caster,archer,5,concentrated,proposed,3/7/5/22/10/3,53,1,182,172,0.95,5.24,20.0,32.2,64.25,11.5,50.5,127.6,116.1,0.064,0,1.155,0.938,220.0,115.5,29.0,115.65,0.30016,64.4,68.0,46.4,111,4.886363636363637,9.772727272727273,6.840909090909091,9,3.4351145038167936
sentinel_caster,archer,5,two,old,3/7/5/10/14/3,12,0,182,102,0.75,3.2,21.6,39.2,35.6,11.5,22.5,133.6,116.1,0.066,0,1.175,0.948,220.0,117.5,31.32,64.08,0.30336,78.4,49.599999999999994,32.0,75,4.8464912280701755,9.692982456140351,6.785087719298246,5,5.625
sentinel_caster,archer,5,two,proposed,3/7/5/17/16/3,53,0,182,142,0.95,4.44,22.4,44.2,53.65,11.5,38.5,139.6,116.1,0.067,0,1.185,0.9249999999999999,220.0,118.5,32.48,96.57,0.296,88.4,66.4,40.4,96,4.827586206896552,9.655172413793103,6.758620689655173,7,4.0540540540540535
sentinel_caster,archer,5,splash_three,old,3/7/6/10/13/3,12,0,192,102,0.8,3.2,21.2,37.2,35.2,13.5,23.0,131.6,116.1,0.0655,0,1.17,0.951,220.0,117.0,30.74,63.36000000000001,0.30432,74.4,48.2,32.0,75,4.856194690265487,9.712389380530974,6.798672566371682,5,5.625
sentinel_caster,archer,5,splash_three,proposed,3/7/8/17/14/3,53,0,212,142,1.1,4.44,21.6,40.2,52.85,17.5,40.0,135.6,116.1,0.066,0,1.175,0.9309999999999999,220.0,117.5,31.32,95.13000000000001,0.29791999999999996,80.4,63.599999999999994,40.4,96,4.8464912280701755,9.692982456140351,6.785087719298246,7,4.0540540540540535
sentinel_caster,archer,5,splash_four,old,3/8/6/9/13/3,12,0,192,97,0.8,3.08,21.2,37.2,33.2,13.5,21.0,131.6,117.6,0.0655,0,1.185,0.952,220.0,118.5,30.74,59.760000000000005,0.30463999999999997,74.4,46.2,30.799999999999997,72,4.856194690265487,9.712389380530974,6.798672566371682,5,5.844155844155844
sentinel_caster,archer,5,splash_four,proposed,3/9/7/15/15/3,53,1,202,132,1.05,4.2,22.0,42.2,49.25,15.5,35.5,137.6,119.1,0.0665,0,1.21,0.9299999999999999,220.0,121.0,31.9,88.65,0.2976,84.4,61.0,38.0,90,4.83695652173913,9.67391304347826,6.771739130434782,7,4.285714285714286
sentinel_caster,archer,5,balanced,old,5/9/7/4/12/5,12,0,202,72,0.8500000000000001,2.48,24.8,36.0,22.8,16.5,11.5,130.0,119.5,0.07100000000000001,0,1.195,0.96,220.0,119.5,35.96,41.04,0.3072,72.0,34.8,24.8,57,4.866071428571429,9.732142857142858,6.8125,4,7.258064516129032
sentinel_caster,archer,5,balanced,proposed,8/11/9/6/14/7,53,0,222,82,1.15,2.92,31.6,42.2,27.85,22.0,16.5,136.4,124.9,0.08000000000000002,0.002,1.2550000000000001,0.942,220.0,125.50000000000001,45.82,50.13,0.30144,84.4,41.599999999999994,27.2,63,4.8464912280701755,9.692982456140351,6.785087719298246,4,6.164383561643835
sentinel_caster,archer,10,concentrated,old,3/7/5/29/10/3,27,0,222,212,0.75,5.48,20.0,31.2,72.0,11.5,60.5,130.6,121.1,0.064,0,1.155,0.941,220.0,115.5,29.0,129.6,0.30112,62.4,82.0,54.8,132,4.886363636363637,9.772727272727273,6.840909090909091,11,3.284671532846715
sentinel_caster,archer,10,concentrated,proposed,3/7/5/38/10/3,124,1,222,272,0.95,7.76,20.0,32.2,108.5,11.5,84.5,132.6,121.1,0.064,0,1.155,0.9219999999999999,220.0,115.5,29.0,195.3,0.29503999999999997,64.4,100.0,65.6,159,4.886363636363637,9.772727272727273,6.840909090909091,15,2.3195876288659796
sentinel_caster,archer,10,two,old,3/7/5/21/18/3,27,0,222,172,0.75,4.52,23.2,47.2,59.2,11.5,44.5,146.6,121.1,0.068,0,1.195,0.9249999999999999,220.0,119.5,33.64,106.56,0.296,94.4,77.2,45.2,108,4.809322033898305,9.61864406779661,6.733050847457627,9,3.9823008849557526
sentinel_caster,archer,10,two,proposed,3/7/5/31/22/3,124,0,222,237,0.95,6.72,24.8,59.2,93.8,11.5,70.5,158.6,121.1,0.07,0,1.215,0.8829999999999999,220.0,121.50000000000001,35.96,168.84,0.28256,118.4,102.8,57.199999999999996,138,4.774590163934426,9.549180327868852,6.684426229508197,13,2.678571428571429
sentinel_caster,archer,10,splash_three,old,3/7/8/20/16/3,27,0,252,167,0.9,4.4,22.4,43.2,56.4,17.5,44.0,142.6,121.1,0.067,0,1.185,0.9319999999999999,220.0,118.5,32.48,101.52,0.29824,86.4,72.4,44.0,105,4.827586206896552,9.655172413793103,6.758620689655173,9,4.090909090909091
sentinel_caster,archer,10,splash_three,proposed,3/7/10/31/19/3,124,0,292,237,1.4,6.72,23.6,50.2,92.6,23.5,73.0,150.6,121.1,0.0685,0,1.2,0.9019999999999999,220.0,120.0,34.22,166.68,0.28863999999999995,100.4,98.6,57.199999999999996,138,4.800420168067227,9.600840336134453,6.720588235294118,13,2.678571428571429
sentinel_caster,archer,10,splash_four,old,3/10/8/18/15/3,27,0,252,157,0.9,4.16,22.0,41.2,52.0,17.5,40.0,140.6,125.6,0.0665,0,1.2249999999999999,0.9369999999999999,220.0,122.49999999999999,31.9,93.60000000000001,0.29984,82.4,67.0,41.599999999999994,99,4.83695652173913,9.67391304347826,6.771739130434782,8,4.326923076923077
sentinel_caster,archer,10,splash_four,proposed,3/12/10/28/19/3,124,1,292,217,1.4,6.159999999999999,23.6,50.2,83.85,23.5,65.0,150.6,130.6,0.0685,0,1.295,0.9049999999999999,220.0,129.5,34.22,150.93,0.28959999999999997,100.4,92.6,53.6,129,4.800420168067227,9.600840336134453,6.720588235294118,12,2.9220779220779223
sentinel_caster,archer,10,balanced,old,8/12/10/6/14/7,27,0,272,97,1.0,2.7199999999999998,31.6,41.2,27.6,24.0,17.0,139.4,129.4,0.07800000000000001,0,1.25,0.952,220.0,125.0,45.82,49.68000000000001,0.30463999999999997,82.4,41.599999999999994,27.2,63,4.8464912280701755,9.692982456140351,6.785087719298246,5,6.61764705882353
sentinel_caster,archer,10,balanced,proposed,12/16/14/11/19/11,124,1,332,127,1.6,3.52,42.6,53.8,40.85,36.0,31.0,152.2,138.2,0.0965,0.004,1.355,0.9219999999999999,220.0,135.5,61.77,73.53,0.29503999999999997,107.6,58.599999999999994,33.2,78,4.800420168067227,9.600840336134453,6.720588235294118,7,5.113636363636363
sentinel_caster,archer,15,concentrated,old,3/7/5/44/10/3,42,0,262,302,0.75,7.279999999999999,20.0,31.2,102.0,11.5,90.5,135.6,126.1,0.064,0,1.155,0.9259999999999999,220.0,115.5,29.0,183.6,0.29632,62.4,112.0,72.8,177,4.886363636363637,9.772727272727273,6.840909090909091,16,2.4725274725274726
sentinel_caster,archer,15,concentrated,proposed,3/7/5/51/10/3,200,2,262,362,0.95,9.72,20.0,32.2,153.25,11.5,114.5,137.6,126.1,0.064,0,1.155,0.9089999999999999,220.0,115.5,29.0,275.85,0.29087999999999997,64.4,126.0,81.19999999999999,198,4.886363636363637,9.772727272727273,6.840909090909091,20,1.8518518518518516
sentinel_caster,archer,15,two,old,3/7/5/31/23/3,42,0,262,237,0.75,5.72,25.200000000000003,57.2,81.2,11.5,64.5,161.6,126.1,0.07050000000000001,0,1.22,0.9,220.0,122.0,36.540000000000006,146.16,0.28800000000000003,114.4,104.19999999999999,57.199999999999996,138,4.766260162601626,9.532520325203253,6.6727642276422765,13,3.146853146853147
sentinel_caster,archer,15,two,proposed,3/7/5/42/27/3,200,0,262,312,0.95,8.44,26.8,69.2,129.8,11.5,94.5,173.6,126.1,0.07250000000000001,0,1.24,0.857,220.0,124.0,38.86,233.64000000000001,0.27424,138.4,131.8,70.4,171,4.734251968503937,9.468503937007874,6.627952755905512,17,2.132701421800948
sentinel_caster,archer,15,splash_three,old,3/7/9/31/19/3,42,0,302,237,0.95,5.72,23.6,49.2,79.6,19.5,66.5,153.6,126.1,0.0685,0,1.2,0.9119999999999999,220.0,120.0,34.22,143.28,0.29184,98.4,98.6,57.199999999999996,138,4.800420168067227,9.600840336134453,6.720588235294118,13,3.146853146853147
sentinel_caster,archer,15,splash_three,proposed,3/7/11/43/22/3,200,2,342,317,1.4500000000000002,8.56,24.8,59.2,129.8,25.5,99.5,163.6,126.1,0.07,0,1.215,0.8709999999999999,220.0,121.50000000000001,35.96,233.64000000000001,0.27871999999999997,118.4,126.8,71.6,174,4.774590163934426,9.549180327868852,6.684426229508197,17,2.102803738317757
sentinel_caster,archer,15,splash_four,old,3/11/9/27/19/3,42,0,302,217,0.95,5.24,23.6,49.2,71.6,19.5,58.5,153.6,132.1,0.0685,0,1.26,0.9159999999999999,220.0,126.0,34.22,128.88,0.29312,98.4,90.6,52.4,126,4.800420168067227,9.600840336134453,6.720588235294118,12,3.4351145038167936
sentinel_caster,archer,15,splash_four,proposed,3/14/12/39/23/3,200,0,352,292,1.5,7.88,25.200000000000003,61.2,115.7,27.5,90.0,165.6,138.6,0.07050000000000001,0,1.345,0.872,220.0,134.5,36.540000000000006,208.26000000000002,0.27904,122.4,120.19999999999999,66.8,162,4.766260162601626,9.532520325203253,6.6727642276422765,16,2.284263959390863
sentinel_caster,archer,15,balanced,old,10/14/12/9/17/10,42,0,332,127,1.1,3.08,36.8,48.0,34.8,29.0,24.0,151.0,138.0,0.0885,0,1.295,0.94,220.0,129.5,53.35999999999999,62.63999999999999,0.3008,96.0,51.8,30.799999999999997,72,4.818376068376068,9.636752136752136,6.745726495726496,7,5.844155844155844
sentinel_caster,archer,15,balanced,proposed,16/20/18/15/23/16,200,0,412,162,2.0,4.2,52.2,66.4,52.45,46.0,41.0,168.2,152.2,0.1155,0.006,1.455,0.896,220.0,145.5,75.69,94.41000000000001,0.28672000000000003,132.8,72.19999999999999,38.0,90,4.766260162601626,9.532520325203253,6.6727642276422765,9,4.285714285714286
sentinel_caster,archer,20,concentrated,old,3/7/5/59/10/3,57,0,302,392,0.75,9.08,20.0,31.2,132.0,11.5,120.5,140.6,131.1,0.064,0,1.155,0.9109999999999999,220.0,115.5,29.0,237.6,0.29152,62.4,142.0,90.8,222,4.886363636363637,9.772727272727273,6.840909090909091,21,1.9823788546255507
sentinel_caster,archer,20,concentrated,proposed,3/7/5/60/10/3,281,20,302,427,0.95,11.2,20.0,32.2,186.0,11.5,134.5,142.6,131.1,0.064,0,1.155,0.8999999999999999,220.0,115.5,29.0,334.8,0.288,64.4,144.0,92.0,225,4.886363636363637,9.772727272727273,6.840909090909091,23,1.6071428571428572
sentinel_caster,archer,20,two,old,3/7/5/42/27/3,57,0,302,307,0.75,7.04,26.8,65.2,104.8,11.5,86.5,174.6,131.1,0.07250000000000001,0,1.24,0.877,220.0,124.0,38.86,188.64,0.28064,130.4,131.8,70.4,171,4.734251968503937,9.468503937007874,6.627952755905512,17,2.5568181818181817
sentinel_caster,archer,20,two,proposed,3/7/5/52/31/3,281,4,302,382,0.95,9.84,28.4,82.2,163.65,11.5,116.5,188.6,131.1,0.07450000000000001,0,1.26,0.825,220.0,126.0,41.18,294.57,0.264,164.4,157.4,82.4,201,4.7041984732824424,9.408396946564885,6.58587786259542,21,1.829268292682927
sentinel_caster,archer,20,splash_three,old,3/7/11/41/22/3,57,0,362,302,1.05,6.92,24.8,55.2,100.8,23.5,87.5,164.6,131.1,0.07,0,1.215,0.8929999999999999,220.0,121.50000000000001,35.96,181.44,0.28575999999999996,110.4,122.8,69.19999999999999,168,4.774590163934426,9.549180327868852,6.684426229508197,16,2.601156069364162
sentinel_caster,archer,20,splash_three,proposed,3/7/14/53/25/3,281,0,412,387,1.6,9.959999999999999,26.0,65.2,163.25,31.5,123.0,174.6,131.1,0.07150000000000001,0,1.23,0.852,220.0,123.0,37.699999999999996,293.85,0.27264,130.4,151.0,83.6,204,4.75,9.5,6.6499999999999995,21,1.8072289156626509
sentinel_caster,archer,20,splash_four,old,3/13/11/36/21/3,57,0,362,277,1.05,6.32,24.4,53.2,90.4,23.5,77.5,162.6,140.1,0.0695,0,1.3,0.901,220.0,130.0,35.379999999999995,162.72000000000003,0.28832,106.4,111.4,63.199999999999996,153,4.783057851239669,9.566115702479339,6.696280991735537,15,2.848101265822785
sentinel_caster,archer,20,splash_four,proposed,3/15/13/49/27/3,281,1,402,362,1.5499999999999998,9.48,26.8,69.2,151.3,29.5,112.5,178.6,145.1,0.07250000000000001,0,1.3800000000000001,0.85,220.0,138.0,38.86,272.34000000000003,0.272,138.4,145.8,78.8,192,4.734251968503937,9.468503937007874,6.627952755905512,20,1.8987341772151898
sentinel_caster,archer,20,balanced,old,13/17/15/11/19/12,57,0,402,152,1.25,3.32,43.6,53.2,39.6,36.5,29.5,160.4,147.9,0.0955,0,1.3499999999999999,0.9319999999999999,220.0,135.0,63.22,71.28,0.29824,106.4,58.599999999999994,33.2,78,4.800420168067227,9.600840336134453,6.720588235294118,8,5.421686746987952
sentinel_caster,archer,20,balanced,proposed,20/24/22/19/27/20,281,1,512,197,2.4000000000000004,4.879999999999999,64.8,76.0,62.05,58.0,51.0,182.0,164.0,0.1315,0.008,1.535,0.88,220.0,153.5,93.96,111.69,0.2816,152.0,85.8,42.8,102,4.734251968503937,9.468503937007874,6.627952755905512,10,3.688524590163935
sentinel_caster,archer,30,concentrated,old,3/7/5/60/10/3,87,29,382,427,0.75,9.2,20.0,31.2,134.0,11.5,122.5,150.6,141.1,0.064,0,1.155,0.9099999999999999,220.0,115.5,29.0,241.20000000000002,0.29119999999999996,62.4,144.0,92.0,225,4.886363636363637,9.772727272727273,6.840909090909091,23,1.956521739130435
sentinel_caster,archer,30,concentrated,proposed,3/7/5/60/10/3,458,197,382,457,0.95,11.2,20.0,32.2,186.0,11.5,134.5,152.6,141.1,0.064,0,1.155,0.8999999999999999,220.0,115.5,29.0,334.8,0.288,64.4,144.0,92.0,225,4.886363636363637,9.772727272727273,6.840909090909091,25,1.6071428571428572
sentinel_caster,archer,30,two,old,3/7/5/60/39/3,87,0,382,427,0.75,9.2,31.6,89.2,145.6,11.5,122.5,208.6,141.1,0.0785,0,1.3,0.823,220.0,130.0,45.82,262.08,0.26336,178.4,184.6,92.0,225,4.649280575539568,9.298561151079136,6.508992805755396,23,1.956521739130435
sentinel_caster,archer,30,two,proposed,3/7/5/60/53/3,458,1,382,457,0.95,11.2,37.2,142.2,203.2,11.5,134.5,246.6,141.1,0.0855,0,1.37,0.7309999999999999,220.0,137.0,53.940000000000005,365.76,0.23391999999999996,284.4,204.2,92.0,225,4.566993464052287,9.133986928104575,6.393790849673202,25,1.6071428571428572
sentinel_caster,archer,30,splash_three,old,3/7/15/60/29/3,87,0,482,427,1.25,9.2,27.6,69.2,141.6,31.5,127.5,188.6,141.1,0.07350000000000001,0,1.25,0.853,220.0,125.0,40.02,254.88,0.27296,138.4,170.6,92.0,225,4.7189922480620154,9.437984496124031,6.6065891472868215,23,1.956521739130435
sentinel_caster,archer,30,splash_three,proposed,3/7/23/60/45/3,458,1,602,457,2.45,11.2,34.0,117.2,200.0,51.5,143.5,228.6,141.1,0.0815,0,1.33,0.7649999999999999,220.0,133.0,49.3,360.0,0.24479999999999996,234.4,193.0,92.0,225,4.612068965517241,9.224137931034482,6.456896551724138,25,1.6071428571428572
sentinel_caster,archer,30,splash_four,old,3/16/14/54/27/3,87,0,472,397,1.2000000000000002,8.48,26.8,65.2,128.8,29.5,115.0,184.6,154.6,0.07250000000000001,0,1.375,0.865,220.0,137.5,38.86,231.84000000000003,0.2768,130.4,155.8,84.8,207,4.734251968503937,9.468503937007874,6.627952755905512,22,2.1226415094339623
sentinel_caster,archer,30,splash_four,proposed,3/22/21/60/39/3,458,1,582,457,2.35,11.2,31.6,98.2,197.6,47.5,142.5,214.6,167.6,0.0785,0,1.5650000000000002,0.7929999999999999,220.0,156.50000000000003,45.82,355.68,0.25376,196.4,184.6,92.0,225,4.649280575539568,9.298561151079136,6.508992805755396,25,1.6071428571428572
sentinel_caster,archer,30,balanced,old,18/22/20/16/24/17,87,0,532,207,1.5,3.92,55.6,65.2,51.6,49.0,42.0,181.4,166.4,0.113,0,1.4500000000000002,0.9119999999999999,220.0,145.00000000000003,80.62,92.88000000000001,0.29184,130.4,75.6,39.2,93,4.758064516129032,9.516129032258064,6.661290322580646,11,4.591836734693878
sentinel_caster,archer,30,balanced,proposed,28/32/29/26/34/27,458,2,662,267,2.95,5.92,83.6,98.2,84.1,76.0,70.5,209.4,189.4,0.15800000000000003,0.01,1.71,0.842,220.0,171.0,121.21999999999998,151.38,0.26944,196.4,109.6,51.2,123,4.682835820895522,9.365671641791044,6.5559701492537314,14,3.040540540540541
