origin,level,old_increments,worst_new_cost,new_budget,minimum_remaining,allocations
swordsman,1,0,0,0,0,0/0/0/0/0/0
swordsman,2,3,6,13,7,3/0/0/0/0/0
swordsman,3,6,15,26,11,6/0/0/0/0/0
swordsman,4,9,24,39,15,9/0/0/0/0/0
swordsman,5,12,33,53,20,12/0/0/0/0/0
swordsman,6,15,44,67,23,15/0/0/0/0/0
swordsman,7,18,56,81,25,18/0/0/0/0/0
swordsman,8,21,68,95,27,21/0/0/0/0/0
swordsman,9,24,81,109,28,24/0/0/0/0/0
swordsman,10,27,96,124,28,27/0/0/0/0/0
swordsman,11,30,111,139,28,30/0/0/0/0/0
swordsman,12,33,126,154,28,33/0/0/0/0/0
swordsman,13,36,144,169,25,36/0/0/0/0/0
swordsman,14,39,162,184,22,39/0/0/0/0/0
swordsman,15,42,180,200,20,42/0/0/0/0/0
swordsman,16,45,200,216,16,45/0/0/0/0/0
swordsman,17,48,221,232,11,48/0/0/0/0/0
swordsman,18,51,242,248,6,51/0/0/0/0/0
swordsman,19,54,253,264,11,52/2/0/0/0/0
swordsman,20,57,261,281,20,52/0/5/0/0/0
swordsman,21,60,270,298,28,52/0/8/0/0/0
swordsman,22,63,279,315,36,52/0/11/0/0/0
swordsman,23,66,289,332,43,52/0/14/0/0/0
swordsman,24,69,301,349,48,52/0/17/0/0/0
swordsman,25,72,313,367,54,52/0/20/0/0/0
swordsman,26,75,325,385,60,52/0/23/0/0/0
swordsman,27,78,340,403,63,52/0/26/0/0/0
swordsman,28,81,355,421,66,52/0/29/0/0/0
swordsman,29,84,370,439,69,52/0/32/0/0/0
swordsman,30,87,387,458,71,52/0/35/0/0/0
mage,1,0,0,0,0,0/0/0/0/0/0
mage,2,3,7,13,6,0/0/0/3/0/0
mage,3,6,16,26,10,0/0/0/6/0/0
mage,4,9,25,39,14,0/0/0/9/0/0
mage,5,12,34,53,19,0/0/0/12/0/0
mage,6,15,46,67,21,0/0/0/15/0/0
mage,7,18,58,81,23,0/0/0/18/0/0
mage,8,21,70,95,25,0/0/0/21/0/0
mage,9,24,84,109,25,0/0/0/24/0/0
mage,10,27,99,124,25,0/0/0/27/0/0
mage,11,30,114,139,25,0/0/0/30/0/0
mage,12,33,130,154,24,0/0/0/33/0/0
mage,13,36,148,169,21,0/0/0/36/0/0
mage,14,39,166,184,18,0/0/0/39/0/0
mage,15,42,184,200,16,0/0/0/42/0/0
mage,16,45,205,216,11,0/0/0/45/0/0
mage,17,48,226,232,6,0/0/0/48/0/0
mage,18,51,247,248,1,0/0/0/51/0/0
mage,19,54,253,264,11,3/0/0/51/0/0
mage,20,57,261,281,20,0/0/0/51/6/0
mage,21,60,270,298,28,0/0/0/51/9/0
mage,22,63,279,315,36,0/0/0/51/12/0
mage,23,66,289,332,43,0/0/0/51/15/0
mage,24,69,301,349,48,0/0/0/51/18/0
mage,25,72,313,367,54,0/0/0/51/21/0
mage,26,75,325,385,60,0/0/0/51/24/0
mage,27,78,340,403,63,0/0/0/51/27/0
mage,28,81,355,421,66,0/0/0/51/30/0
mage,29,84,370,439,69,0/0/0/51/33/0
mage,30,87,387,458,71,0/0/0/51/36/0
archer,1,0,0,0,0,0/0/0/0/0/0
archer,2,3,8,13,5,0/0/0/0/3/0
archer,3,6,17,26,9,0/0/0/0/6/0
archer,4,9,26,39,13,0/0/0/0/9/0
archer,5,12,36,53,17,0/0/0/0/12/0
archer,6,15,48,67,19,0/0/0/0/15/0
archer,7,18,60,81,21,0/0/0/0/18/0
archer,8,21,72,95,23,0/0/0/0/21/0
archer,9,24,87,109,22,0/0/0/0/24/0
archer,10,27,102,124,22,0/0/0/0/27/0
archer,11,30,117,139,22,0/0/0/0/30/0
archer,12,33,134,154,20,0/0/0/0/33/0
archer,13,36,152,169,17,0/0/0/0/36/0
archer,14,39,170,184,14,0/0/0/0/39/0
archer,15,42,189,200,11,0/0/0/0/42/0
archer,16,45,210,216,6,0/0/0/0/45/0
archer,17,48,231,232,1,0/0/0/0/48/0
archer,18,51,247,248,1,1/0/0/0/50/0
archer,19,54,253,264,11,1/53/0/0/0/0
archer,20,57,262,281,19,0/53/0/0/4/0
archer,21,60,271,298,27,0/53/0/0/7/0
archer,22,63,280,315,35,0/53/0/0/10/0
archer,23,66,291,332,41,0/53/0/0/13/0
archer,24,69,303,349,46,0/53/0/0/16/0
archer,25,72,315,367,52,0/53/0/0/19/0
archer,26,75,328,385,57,0/53/0/0/22/0
archer,27,78,343,403,60,0/53/0/0/25/0
archer,28,81,358,421,63,0/53/0/0/28/0
archer,29,84,373,439,66,0/53/0/0/31/0
archer,30,87,391,458,67,0/53/0/0/34/0
