level,xp,gained_from_previous,budget,old_budget
1,0,0,0,0
2,100,13,13,3
3,225,13,26,6
4,375,13,39,9
5,550,14,53,12
6,750,14,67,15
7,975,14,81,18
8,1225,14,95,21
9,1500,14,109,24
10,1800,15,124,27
11,2125,15,139,30
12,2475,15,154,33
13,2850,15,169,36
14,3250,15,184,39
15,3675,16,200,42
16,4125,16,216,45
17,4600,16,232,48
18,5100,16,248,51
19,5625,16,264,54
20,6175,17,281,57
21,6750,17,298,60
22,7350,17,315,63
23,7975,17,332,66
24,8625,17,349,69
25,9300,18,367,72
26,10000,18,385,75
27,10725,18,403,78
28,11475,18,421,81
29,12250,18,439,84
30,13050,19,458,87
