stat,milestone,value,next_cost,max_hp,max_sp,hp_regen,sp_regen,melee_attack,precision_attack,magic_attack,physical_defense,magic_defense,hit_rating,flee_rating,crit_chance,crit_resistance,attacks_per_second,variable_cast_multiplier,move_speed,attack_speed_index
str,10,9,2,252,77,1.1,2.24,30.0,23.6,16.0,20.5,8.0,120.4,117.9,0.0585,0,1.0999999999999999,0.983,220.0,109.99999999999999
str,10,10,2,252,77,1.1,2.24,33.0,24.0,16.0,21.0,8.0,120.4,117.9,0.0585,0,1.0999999999999999,0.983,220.0,109.99999999999999
str,10,11,3,252,77,1.1,2.24,35.0,24.4,16.0,21.5,8.0,120.4,117.9,0.0585,0,1.0999999999999999,0.983,220.0,109.99999999999999
str,20,19,3,252,77,1.1,2.24,51.0,27.6,16.0,25.5,8.0,120.4,117.9,0.0585,0,1.0999999999999999,0.983,220.0,109.99999999999999
str,20,20,3,252,77,1.1,2.24,56.0,28.0,16.0,26.0,8.0,120.4,117.9,0.0585,0,1.0999999999999999,0.983,220.0,109.99999999999999
str,20,21,4,252,77,1.1,2.24,58.0,28.4,16.0,26.5,8.0,120.4,117.9,0.0585,0,1.0999999999999999,0.983,220.0,109.99999999999999
str,30,29,4,252,77,1.1,2.24,74.0,31.6,16.0,30.5,8.0,120.4,117.9,0.0585,0,1.0999999999999999,0.983,220.0,109.99999999999999
str,30,30,4,252,77,1.1,2.24,81.0,32.0,16.0,31.0,8.0,120.4,117.9,0.0585,0,1.0999999999999999,0.983,220.0,109.99999999999999
str,30,31,5,252,77,1.1,2.24,83.0,32.4,16.0,31.5,8.0,120.4,117.9,0.0585,0,1.0999999999999999,0.983,220.0,109.99999999999999
str,40,39,5,252,77,1.1,2.24,99.0,35.6,16.0,35.5,8.0,120.4,117.9,0.0585,0,1.0999999999999999,0.983,220.0,109.99999999999999
str,40,40,5,252,77,1.1,2.24,108.0,36.0,16.0,36.0,8.0,120.4,117.9,0.0585,0,1.0999999999999999,0.983,220.0,109.99999999999999
str,40,41,6,252,77,1.1,2.24,110.0,36.400000000000006,16.0,36.5,8.0,120.4,117.9,0.0585,0,1.0999999999999999,0.983,220.0,109.99999999999999
str,50,49,6,252,77,1.1,2.24,126.0,39.6,16.0,40.5,8.0,120.4,117.9,0.0585,0,1.0999999999999999,0.983,220.0,109.99999999999999
str,50,50,6,252,77,1.1,2.24,137.0,40.0,16.0,41.0,8.0,120.4,117.9,0.0585,0,1.0999999999999999,0.983,220.0,109.99999999999999
str,50,51,7,252,77,1.1,2.24,139.0,40.400000000000006,16.0,41.5,8.0,120.4,117.9,0.0585,0,1.0999999999999999,0.983,220.0,109.99999999999999
str,60,59,7,252,77,1.1,2.24,155.0,43.6,16.0,45.5,8.0,120.4,117.9,0.0585,0,1.0999999999999999,0.983,220.0,109.99999999999999
str,60,60,cap_or_modifier_only,252,77,1.1,2.24,168.0,44.0,16.0,46.0,8.0,120.4,117.9,0.0585,0,1.0999999999999999,0.983,220.0,109.99999999999999
str,60,61,cap_or_modifier_only,252,77,1.1,2.24,170.0,44.400000000000006,16.0,46.5,8.0,120.4,117.9,0.0585,0,1.0999999999999999,0.983,220.0,109.99999999999999
str,70,69,cap_or_modifier_only,252,77,1.1,2.24,186.0,47.6,16.0,50.5,8.0,120.4,117.9,0.0585,0,1.0999999999999999,0.983,220.0,109.99999999999999
str,70,70,cap_or_modifier_only,252,77,1.1,2.24,201.0,48.0,16.0,51.0,8.0,120.4,117.9,0.0585,0,1.0999999999999999,0.983,220.0,109.99999999999999
str,70,71,cap_or_modifier_only,252,77,1.1,2.24,203.0,48.400000000000006,16.0,51.5,8.0,120.4,117.9,0.0585,0,1.0999999999999999,0.983,220.0,109.99999999999999
str,80,79,cap_or_modifier_only,252,77,1.1,2.24,219.0,51.6,16.0,55.5,8.0,120.4,117.9,0.0585,0,1.0999999999999999,0.983,220.0,109.99999999999999
str,80,80,cap_or_modifier_only,252,77,1.1,2.24,236.0,52.0,16.0,56.0,8.0,120.4,117.9,0.0585,0,1.0999999999999999,0.983,220.0,109.99999999999999
str,80,81,cap_or_modifier_only,252,77,1.1,2.24,238.0,52.4,16.0,56.5,8.0,120.4,117.9,0.0585,0,1.0999999999999999,0.983,220.0,109.99999999999999
str,90,89,cap_or_modifier_only,252,77,1.1,2.24,254.0,55.6,16.0,60.5,8.0,120.4,117.9,0.0585,0,1.0999999999999999,0.983,220.0,109.99999999999999
str,90,90,cap_or_modifier_only,252,77,1.1,2.24,273.0,56.0,16.0,61.0,8.0,120.4,117.9,0.0585,0,1.0999999999999999,0.983,220.0,109.99999999999999
str,90,91,cap_or_modifier_only,252,77,1.1,2.24,275.0,56.4,16.0,61.5,8.0,120.4,117.9,0.0585,0,1.0999999999999999,0.983,220.0,109.99999999999999
str,100,99,cap_or_modifier_only,252,77,1.1,2.24,291.0,59.6,16.0,65.5,8.0,120.4,117.9,0.0585,0,1.0999999999999999,0.983,220.0,109.99999999999999
str,100,100,cap_or_modifier_only,252,77,1.1,2.24,312.0,60.0,16.0,66.0,8.0,120.4,117.9,0.0585,0,1.0999999999999999,0.983,220.0,109.99999999999999
str,100,101,cap_or_modifier_only,252,77,1.1,2.24,314.0,60.400000000000006,16.0,66.5,8.0,120.4,117.9,0.0585,0,1.0999999999999999,0.983,220.0,109.99999999999999
str,110,109,cap_or_modifier_only,252,77,1.1,2.24,330.0,63.6,16.0,70.5,8.0,120.4,117.9,0.0585,0,1.0999999999999999,0.983,220.0,109.99999999999999
str,110,110,cap_or_modifier_only,252,77,1.1,2.24,353.0,64.0,16.0,71.0,8.0,120.4,117.9,0.0585,0,1.0999999999999999,0.983,220.0,109.99999999999999
str,110,111,cap_or_modifier_only,252,77,1.1,2.24,355.0,64.4,16.0,71.5,8.0,120.4,117.9,0.0585,0,1.0999999999999999,0.983,220.0,109.99999999999999
str,120,119,cap_or_modifier_only,252,77,1.1,2.24,371.0,67.6,16.0,75.5,8.0,120.4,117.9,0.0585,0,1.0999999999999999,0.983,220.0,109.99999999999999
str,120,120,cap_or_modifier_only,252,77,1.1,2.24,396.0,68.0,16.0,76.0,8.0,120.4,117.9,0.0585,0,1.0999999999999999,0.983,220.0,109.99999999999999
str,120,120,cap_or_modifier_only,252,77,1.1,2.24,396.0,68.0,16.0,76.0,8.0,120.4,117.9,0.0585,0,1.0999999999999999,0.983,220.0,109.99999999999999
agi,10,9,2,252,77,1.1,2.24,28.0,23.2,16.0,20.0,8.0,120.4,123.9,0.0585,0,1.16,0.983,220.0,115.99999999999999
agi,10,10,2,252,77,1.1,2.24,28.0,23.2,16.0,20.0,8.0,120.4,127.4,0.0585,0,1.1949999999999998,0.983,220.0,119.49999999999999
agi,10,11,3,252,77,1.1,2.24,28.0,23.2,16.0,20.0,8.0,120.4,128.9,0.0585,0,1.21,0.983,220.0,121.0
agi,20,19,3,252,77,1.1,2.24,28.0,23.2,16.0,20.0,8.0,120.4,140.9,0.0585,0,1.3299999999999998,0.983,220.0,132.99999999999997
agi,20,20,3,252,77,1.1,2.24,28.0,23.2,16.0,20.0,8.0,120.4,144.4,0.0585,0,1.365,0.983,220.0,136.5
agi,20,21,4,252,77,1.1,2.24,28.0,23.2,16.0,20.0,8.0,120.4,145.9,0.0585,0,1.38,0.983,220.0,138.0
agi,30,29,4,252,77,1.1,2.24,28.0,23.2,16.0,20.0,8.0,120.4,157.9,0.0585,0,1.5,0.983,220.0,150.0
agi,30,30,4,252,77,1.1,2.24,28.0,23.2,16.0,20.0,8.0,120.4,161.4,0.0585,0,1.535,0.983,220.0,153.5
agi,30,31,5,252,77,1.1,2.24,28.0,23.2,16.0,20.0,8.0,120.4,162.9,0.0585,0,1.5499999999999998,0.983,220.0,154.99999999999997
agi,40,39,5,252,77,1.1,2.24,28.0,23.2,16.0,20.0,8.0,120.4,174.9,0.0585,0,1.67,0.983,220.0,167.0
agi,40,40,5,252,77,1.1,2.24,28.0,23.2,16.0,20.0,8.0,120.4,178.4,0.0585,0,1.705,0.983,220.0,170.5
agi,40,41,6,252,77,1.1,2.24,28.0,23.2,16.0,20.0,8.0,120.4,179.9,0.0585,0,1.72,0.983,220.0,172.0
agi,50,49,6,252,77,1.1,2.24,28.0,23.2,16.0,20.0,8.0,120.4,191.9,0.0585,0,1.8399999999999999,0.983,220.0,184.0
agi,50,50,6,252,77,1.1,2.24,28.0,23.2,16.0,20.0,8.0,120.4,195.4,0.0585,0,1.875,0.983,220.0,187.5
agi,50,51,7,252,77,1.1,2.24,28.0,23.2,16.0,20.0,8.0,120.4,196.9,0.0585,0,1.8900000000000001,0.983,220.0,189.0
agi,60,59,7,252,77,1.1,2.24,28.0,23.2,16.0,20.0,8.0,120.4,208.9,0.0585,0,2.01,0.983,220.0,200.99999999999997
agi,60,60,cap_or_modifier_only,252,77,1.1,2.24,28.0,23.2,16.0,20.0,8.0,120.4,212.4,0.0585,0,2.045,0.983,220.0,204.5
agi,60,61,cap_or_modifier_only,252,77,1.1,2.24,28.0,23.2,16.0,20.0,8.0,120.4,213.9,0.0585,0,2.06,0.983,220.0,206.0
agi,70,69,cap_or_modifier_only,252,77,1.1,2.24,28.0,23.2,16.0,20.0,8.0,120.4,225.9,0.0585,0,2.18,0.983,220.0,218.00000000000003
agi,70,70,cap_or_modifier_only,252,77,1.1,2.24,28.0,23.2,16.0,20.0,8.0,120.4,229.4,0.0585,0,2.215,0.983,220.0,221.5
agi,70,71,cap_or_modifier_only,252,77,1.1,2.24,28.0,23.2,16.0,20.0,8.0,120.4,230.9,0.0585,0,2.23,0.983,220.0,223.0
agi,80,79,cap_or_modifier_only,252,77,1.1,2.24,28.0,23.2,16.0,20.0,8.0,120.4,242.9,0.0585,0,2.35,0.983,220.0,235.0
agi,80,80,cap_or_modifier_only,252,77,1.1,2.24,28.0,23.2,16.0,20.0,8.0,120.4,246.4,0.0585,0,2.3850000000000002,0.983,220.0,238.50000000000003
agi,80,81,cap_or_modifier_only,252,77,1.1,2.24,28.0,23.2,16.0,20.0,8.0,120.4,247.9,0.0585,0,2.4,0.983,220.0,240.0
agi,90,89,cap_or_modifier_only,252,77,1.1,2.24,28.0,23.2,16.0,20.0,8.0,120.4,259.9,0.0585,0,2.52,0.983,220.0,252.0
agi,90,90,cap_or_modifier_only,252,77,1.1,2.24,28.0,23.2,16.0,20.0,8.0,120.4,263.4,0.0585,0,2.5549999999999997,0.983,220.0,255.49999999999997
agi,90,91,cap_or_modifier_only,252,77,1.1,2.24,28.0,23.2,16.0,20.0,8.0,120.4,264.9,0.0585,0,2.5700000000000003,0.983,220.0,257.0
agi,100,99,cap_or_modifier_only,252,77,1.1,2.24,28.0,23.2,16.0,20.0,8.0,120.4,276.9,0.0585,0,2.69,0.983,220.0,269.0
agi,100,100,cap_or_modifier_only,252,77,1.1,2.24,28.0,23.2,16.0,20.0,8.0,120.4,280.4,0.0585,0,2.725,0.983,220.0,272.5
agi,100,101,cap_or_modifier_only,252,77,1.1,2.24,28.0,23.2,16.0,20.0,8.0,120.4,281.9,0.0585,0,2.7399999999999998,0.983,220.0,274.0
agi,110,109,cap_or_modifier_only,252,77,1.1,2.24,28.0,23.2,16.0,20.0,8.0,120.4,293.9,0.0585,0,2.86,0.983,220.0,286.0
agi,110,110,cap_or_modifier_only,252,77,1.1,2.24,28.0,23.2,16.0,20.0,8.0,120.4,297.4,0.0585,0,2.895,0.983,220.0,289.5
agi,110,111,cap_or_modifier_only,252,77,1.1,2.24,28.0,23.2,16.0,20.0,8.0,120.4,298.9,0.0585,0,2.91,0.983,220.0,291.0
agi,120,119,cap_or_modifier_only,252,77,1.1,2.24,28.0,23.2,16.0,20.0,8.0,120.4,310.9,0.0585,0,3.0300000000000002,0.983,220.0,303.0
agi,120,120,cap_or_modifier_only,252,77,1.1,2.24,28.0,23.2,16.0,20.0,8.0,120.4,314.4,0.0585,0,3.0649999999999995,0.983,220.0,306.49999999999994
agi,120,120,cap_or_modifier_only,252,77,1.1,2.24,28.0,23.2,16.0,20.0,8.0,120.4,314.4,0.0585,0,3.0649999999999995,0.983,220.0,306.49999999999994
vit,5,4,2,212,77,0.7,2.24,28.0,23.2,16.0,12.0,6.0,120.4,117.9,0.0585,0,1.0999999999999999,0.983,220.0,109.99999999999999
vit,5,5,2,222,77,0.95,2.24,28.0,23.2,16.0,14.0,6.5,120.4,117.9,0.0585,0,1.0999999999999999,0.983,220.0,109.99999999999999
vit,5,6,2,232,77,1.0,2.24,28.0,23.2,16.0,16.0,7.0,120.4,117.9,0.0585,0,1.0999999999999999,0.983,220.0,109.99999999999999
vit,10,9,2,262,77,1.15,2.24,28.0,23.2,16.0,22.0,8.5,120.4,117.9,0.0585,0,1.0999999999999999,0.983,220.0,109.99999999999999
vit,10,10,2,292,77,1.4,2.24,28.0,23.2,16.0,26.0,9.0,120.4,117.9,0.0585,0,1.0999999999999999,0.983,220.0,109.99999999999999
vit,10,11,3,302,77,1.4500000000000002,2.24,28.0,23.2,16.0,28.0,9.5,120.4,117.9,0.0585,0,1.0999999999999999,0.983,220.0,109.99999999999999
vit,15,14,3,332,77,1.6,2.24,28.0,23.2,16.0,34.0,11.0,120.4,117.9,0.0585,0,1.0999999999999999,0.983,220.0,109.99999999999999
vit,15,15,3,342,77,1.85,2.24,28.0,23.2,16.0,36.0,11.5,120.4,117.9,0.0585,0,1.0999999999999999,0.983,220.0,109.99999999999999
vit,15,16,3,352,77,1.9000000000000001,2.24,28.0,23.2,16.0,38.0,12.0,120.4,117.9,0.0585,0,1.0999999999999999,0.983,220.0,109.99999999999999
vit,20,19,3,382,77,2.0500000000000003,2.24,28.0,23.2,16.0,44.0,13.5,120.4,117.9,0.0585,0,1.0999999999999999,0.983,220.0,109.99999999999999
vit,20,20,3,412,77,2.3,2.24,28.0,23.2,16.0,48.0,14.0,120.4,117.9,0.0585,0,1.0999999999999999,0.983,220.0,109.99999999999999
vit,20,21,4,422,77,2.35,2.24,28.0,23.2,16.0,50.0,14.5,120.4,117.9,0.0585,0,1.0999999999999999,0.983,220.0,109.99999999999999
vit,25,24,4,452,77,2.5,2.24,28.0,23.2,16.0,56.0,16.0,120.4,117.9,0.0585,0,1.0999999999999999,0.983,220.0,109.99999999999999
vit,25,25,4,462,77,2.75,2.24,28.0,23.2,16.0,58.0,16.5,120.4,117.9,0.0585,0,1.0999999999999999,0.983,220.0,109.99999999999999
vit,25,26,4,472,77,2.8,2.24,28.0,23.2,16.0,60.0,17.0,120.4,117.9,0.0585,0,1.0999999999999999,0.983,220.0,109.99999999999999
vit,30,29,4,502,77,2.95,2.24,28.0,23.2,16.0,66.0,18.5,120.4,117.9,0.0585,0,1.0999999999999999,0.983,220.0,109.99999999999999
vit,30,30,4,532,77,3.2,2.24,28.0,23.2,16.0,70.0,19.0,120.4,117.9,0.0585,0,1.0999999999999999,0.983,220.0,109.99999999999999
vit,30,31,5,542,77,3.25,2.24,28.0,23.2,16.0,72.0,19.5,120.4,117.9,0.0585,0,1.0999999999999999,0.983,220.0,109.99999999999999
vit,35,34,5,572,77,3.4000000000000004,2.24,28.0,23.2,16.0,78.0,21.0,120.4,117.9,0.0585,0,1.0999999999999999,0.983,220.0,109.99999999999999
vit,35,35,5,582,77,3.6500000000000004,2.24,28.0,23.2,16.0,80.0,21.5,120.4,117.9,0.0585,0,1.0999999999999999,0.983,220.0,109.99999999999999
vit,35,36,5,592,77,3.7,2.24,28.0,23.2,16.0,82.0,22.0,120.4,117.9,0.0585,0,1.0999999999999999,0.983,220.0,109.99999999999999
vit,40,39,5,622,77,3.8500000000000005,2.24,28.0,23.2,16.0,88.0,23.5,120.4,117.9,0.0585,0,1.0999999999999999,0.983,220.0,109.99999999999999
vit,40,40,5,652,77,4.1,2.24,28.0,23.2,16.0,92.0,24.0,120.4,117.9,0.0585,0,1.0999999999999999,0.983,220.0,109.99999999999999
vit,40,41,6,662,77,4.15,2.24,28.0,23.2,16.0,94.0,24.5,120.4,117.9,0.0585,0,1.0999999999999999,0.983,220.0,109.99999999999999
vit,45,44,6,692,77,4.300000000000001,2.24,28.0,23.2,16.0,100.0,26.0,120.4,117.9,0.0585,0,1.0999999999999999,0.983,220.0,109.99999999999999
vit,45,45,6,702,77,4.55,2.24,28.0,23.2,16.0,102.0,26.5,120.4,117.9,0.0585,0,1.0999999999999999,0.983,220.0,109.99999999999999
vit,45,46,6,712,77,4.6000000000000005,2.24,28.0,23.2,16.0,104.0,27.0,120.4,117.9,0.0585,0,1.0999999999999999,0.983,220.0,109.99999999999999
vit,50,49,6,742,77,4.75,2.24,28.0,23.2,16.0,110.0,28.5,120.4,117.9,0.0585,0,1.0999999999999999,0.983,220.0,109.99999999999999
vit,50,50,6,772,77,5.0,2.24,28.0,23.2,16.0,114.0,29.0,120.4,117.9,0.0585,0,1.0999999999999999,0.983,220.0,109.99999999999999
vit,50,51,7,782,77,5.050000000000001,2.24,28.0,23.2,16.0,116.0,29.5,120.4,117.9,0.0585,0,1.0999999999999999,0.983,220.0,109.99999999999999
vit,55,54,7,812,77,5.2,2.24,28.0,23.2,16.0,122.0,31.0,120.4,117.9,0.0585,0,1.0999999999999999,0.983,220.0,109.99999999999999
vit,55,55,7,822,77,5.45,2.24,28.0,23.2,16.0,124.0,31.5,120.4,117.9,0.0585,0,1.0999999999999999,0.983,220.0,109.99999999999999
vit,55,56,7,832,77,5.5,2.24,28.0,23.2,16.0,126.0,32.0,120.4,117.9,0.0585,0,1.0999999999999999,0.983,220.0,109.99999999999999
vit,60,59,7,862,77,5.65,2.24,28.0,23.2,16.0,132.0,33.5,120.4,117.9,0.0585,0,1.0999999999999999,0.983,220.0,109.99999999999999
vit,60,60,cap_or_modifier_only,892,77,5.9,2.24,28.0,23.2,16.0,136.0,34.0,120.4,117.9,0.0585,0,1.0999999999999999,0.983,220.0,109.99999999999999
vit,60,61,cap_or_modifier_only,902,77,5.950000000000001,2.24,28.0,23.2,16.0,138.0,34.5,120.4,117.9,0.0585,0,1.0999999999999999,0.983,220.0,109.99999999999999
vit,65,64,cap_or_modifier_only,932,77,6.1000000000000005,2.24,28.0,23.2,16.0,144.0,36.0,120.4,117.9,0.0585,0,1.0999999999999999,0.983,220.0,109.99999999999999
vit,65,65,cap_or_modifier_only,942,77,6.35,2.24,28.0,23.2,16.0,146.0,36.5,120.4,117.9,0.0585,0,1.0999999999999999,0.983,220.0,109.99999999999999
vit,65,66,cap_or_modifier_only,952,77,6.4,2.24,28.0,23.2,16.0,148.0,37.0,120.4,117.9,0.0585,0,1.0999999999999999,0.983,220.0,109.99999999999999
vit,70,69,cap_or_modifier_only,982,77,6.550000000000001,2.24,28.0,23.2,16.0,154.0,38.5,120.4,117.9,0.0585,0,1.0999999999999999,0.983,220.0,109.99999999999999
vit,70,70,cap_or_modifier_only,1012,77,6.800000000000001,2.24,28.0,23.2,16.0,158.0,39.0,120.4,117.9,0.0585,0,1.0999999999999999,0.983,220.0,109.99999999999999
vit,70,71,cap_or_modifier_only,1022,77,6.850000000000001,2.24,28.0,23.2,16.0,160.0,39.5,120.4,117.9,0.0585,0,1.0999999999999999,0.983,220.0,109.99999999999999
vit,75,74,cap_or_modifier_only,1052,77,7.0,2.24,28.0,23.2,16.0,166.0,41.0,120.4,117.9,0.0585,0,1.0999999999999999,0.983,220.0,109.99999999999999
vit,75,75,cap_or_modifier_only,1062,77,7.25,2.24,28.0,23.2,16.0,168.0,41.5,120.4,117.9,0.0585,0,1.0999999999999999,0.983,220.0,109.99999999999999
vit,75,76,cap_or_modifier_only,1072,77,7.300000000000001,2.24,28.0,23.2,16.0,170.0,42.0,120.4,117.9,0.0585,0,1.0999999999999999,0.983,220.0,109.99999999999999
vit,80,79,cap_or_modifier_only,1102,77,7.45,2.24,28.0,23.2,16.0,176.0,43.5,120.4,117.9,0.0585,0,1.0999999999999999,0.983,220.0,109.99999999999999
vit,80,80,cap_or_modifier_only,1132,77,7.7,2.24,28.0,23.2,16.0,180.0,44.0,120.4,117.9,0.0585,0,1.0999999999999999,0.983,220.0,109.99999999999999
vit,80,81,cap_or_modifier_only,1142,77,7.75,2.24,28.0,23.2,16.0,182.0,44.5,120.4,117.9,0.0585,0,1.0999999999999999,0.983,220.0,109.99999999999999
vit,85,84,cap_or_modifier_only,1172,77,7.9,2.24,28.0,23.2,16.0,188.0,46.0,120.4,117.9,0.0585,0,1.0999999999999999,0.983,220.0,109.99999999999999
vit,85,85,cap_or_modifier_only,1182,77,8.15,2.24,28.0,23.2,16.0,190.0,46.5,120.4,117.9,0.0585,0,1.0999999999999999,0.983,220.0,109.99999999999999
vit,85,86,cap_or_modifier_only,1192,77,8.2,2.24,28.0,23.2,16.0,192.0,47.0,120.4,117.9,0.0585,0,1.0999999999999999,0.983,220.0,109.99999999999999
vit,90,89,cap_or_modifier_only,1222,77,8.350000000000001,2.24,28.0,23.2,16.0,198.0,48.5,120.4,117.9,0.0585,0,1.0999999999999999,0.983,220.0,109.99999999999999
vit,90,90,cap_or_modifier_only,1252,77,8.6,2.24,28.0,23.2,16.0,202.0,49.0,120.4,117.9,0.0585,0,1.0999999999999999,0.983,220.0,109.99999999999999
vit,90,91,cap_or_modifier_only,1262,77,8.65,2.24,28.0,23.2,16.0,204.0,49.5,120.4,117.9,0.0585,0,1.0999999999999999,0.983,220.0,109.99999999999999
vit,95,94,cap_or_modifier_only,1292,77,8.8,2.24,28.0,23.2,16.0,210.0,51.0,120.4,117.9,0.0585,0,1.0999999999999999,0.983,220.0,109.99999999999999
vit,95,95,cap_or_modifier_only,1302,77,9.05,2.24,28.0,23.2,16.0,212.0,51.5,120.4,117.9,0.0585,0,1.0999999999999999,0.983,220.0,109.99999999999999
vit,95,96,cap_or_modifier_only,1312,77,9.100000000000001,2.24,28.0,23.2,16.0,214.0,52.0,120.4,117.9,0.0585,0,1.0999999999999999,0.983,220.0,109.99999999999999
vit,100,99,cap_or_modifier_only,1342,77,9.25,2.24,28.0,23.2,16.0,220.0,53.5,120.4,117.9,0.0585,0,1.0999999999999999,0.983,220.0,109.99999999999999
vit,100,100,cap_or_modifier_only,1372,77,9.5,2.24,28.0,23.2,16.0,224.0,54.0,120.4,117.9,0.0585,0,1.0999999999999999,0.983,220.0,109.99999999999999
vit,100,101,cap_or_modifier_only,1382,77,9.55,2.24,28.0,23.2,16.0,226.0,54.5,120.4,117.9,0.0585,0,1.0999999999999999,0.983,220.0,109.99999999999999
vit,105,104,cap_or_modifier_only,1412,77,9.7,2.24,28.0,23.2,16.0,232.0,56.0,120.4,117.9,0.0585,0,1.0999999999999999,0.983,220.0,109.99999999999999
vit,105,105,cap_or_modifier_only,1422,77,9.95,2.24,28.0,23.2,16.0,234.0,56.5,120.4,117.9,0.0585,0,1.0999999999999999,0.983,220.0,109.99999999999999
vit,105,106,cap_or_modifier_only,1432,77,10.0,2.24,28.0,23.2,16.0,236.0,57.0,120.4,117.9,0.0585,0,1.0999999999999999,0.983,220.0,109.99999999999999
vit,110,109,cap_or_modifier_only,1462,77,10.15,2.24,28.0,23.2,16.0,242.0,58.5,120.4,117.9,0.0585,0,1.0999999999999999,0.983,220.0,109.99999999999999
vit,110,110,cap_or_modifier_only,1492,77,10.4,2.24,28.0,23.2,16.0,246.0,59.0,120.4,117.9,0.0585,0,1.0999999999999999,0.983,220.0,109.99999999999999
vit,110,111,cap_or_modifier_only,1502,77,10.450000000000001,2.24,28.0,23.2,16.0,248.0,59.5,120.4,117.9,0.0585,0,1.0999999999999999,0.983,220.0,109.99999999999999
vit,115,114,cap_or_modifier_only,1532,77,10.600000000000001,2.24,28.0,23.2,16.0,254.0,61.0,120.4,117.9,0.0585,0,1.0999999999999999,0.983,220.0,109.99999999999999
vit,115,115,cap_or_modifier_only,1542,77,10.850000000000001,2.24,28.0,23.2,16.0,256.0,61.5,120.4,117.9,0.0585,0,1.0999999999999999,0.983,220.0,109.99999999999999
vit,115,116,cap_or_modifier_only,1552,77,10.900000000000002,2.24,28.0,23.2,16.0,258.0,62.0,120.4,117.9,0.0585,0,1.0999999999999999,0.983,220.0,109.99999999999999
vit,120,119,cap_or_modifier_only,1582,77,11.05,2.24,28.0,23.2,16.0,264.0,63.5,120.4,117.9,0.0585,0,1.0999999999999999,0.983,220.0,109.99999999999999
vit,120,120,cap_or_modifier_only,1612,77,11.3,2.24,28.0,23.2,16.0,268.0,64.0,120.4,117.9,0.0585,0,1.0999999999999999,0.983,220.0,109.99999999999999
vit,120,120,cap_or_modifier_only,1612,77,11.3,2.24,28.0,23.2,16.0,268.0,64.0,120.4,117.9,0.0585,0,1.0999999999999999,0.983,220.0,109.99999999999999
int,5,4,2,252,87,1.1,2.48,28.0,23.2,20.0,20.0,12.0,120.4,117.9,0.0585,0,1.0999999999999999,0.981,220.0,109.99999999999999
int,5,5,2,252,92,1.1,2.6,28.0,23.2,22.25,20.0,14.0,120.4,117.9,0.0585,0,1.0999999999999999,0.98,220.0,109.99999999999999
int,5,6,2,252,97,1.1,2.92,28.0,23.2,24.25,20.0,16.0,120.4,117.9,0.0585,0,1.0999999999999999,0.979,220.0,109.99999999999999
int,6,5,2,252,92,1.1,2.6,28.0,23.2,22.25,20.0,14.0,120.4,117.9,0.0585,0,1.0999999999999999,0.98,220.0,109.99999999999999
int,6,6,2,252,97,1.1,2.92,28.0,23.2,24.25,20.0,16.0,120.4,117.9,0.0585,0,1.0999999999999999,0.979,220.0,109.99999999999999
int,6,7,2,252,102,1.1,3.04,28.0,23.2,26.5,20.0,18.0,120.4,117.9,0.0585,0,1.0999999999999999,0.978,220.0,109.99999999999999
int,7,6,2,252,97,1.1,2.92,28.0,23.2,24.25,20.0,16.0,120.4,117.9,0.0585,0,1.0999999999999999,0.979,220.0,109.99999999999999
int,7,7,2,252,102,1.1,3.04,28.0,23.2,26.5,20.0,18.0,120.4,117.9,0.0585,0,1.0999999999999999,0.978,220.0,109.99999999999999
int,7,8,2,252,107,1.1,3.16,28.0,23.2,28.5,20.0,20.0,120.4,117.9,0.0585,0,1.0999999999999999,0.977,220.0,109.99999999999999
int,10,9,2,252,112,1.1,3.2800000000000002,28.0,23.2,30.5,20.0,22.0,120.4,117.9,0.0585,0,1.0999999999999999,0.976,220.0,109.99999999999999
int,10,10,2,252,122,1.1,3.4000000000000004,28.0,23.2,33.25,20.0,26.0,120.4,117.9,0.0585,0,1.0999999999999999,0.975,220.0,109.99999999999999
int,10,11,3,252,127,1.1,3.52,28.0,23.2,35.25,20.0,28.0,120.4,117.9,0.0585,0,1.0999999999999999,0.974,220.0,109.99999999999999
int,12,11,3,252,127,1.1,3.52,28.0,23.2,35.25,20.0,28.0,120.4,117.9,0.0585,0,1.0999999999999999,0.974,220.0,109.99999999999999
int,12,12,3,252,132,1.1,3.84,28.0,23.2,37.25,20.0,30.0,120.4,117.9,0.0585,0,1.0999999999999999,0.973,220.0,109.99999999999999
int,12,13,3,252,137,1.1,3.96,28.0,23.2,39.25,20.0,32.0,120.4,117.9,0.0585,0,1.0999999999999999,0.972,220.0,109.99999999999999
int,14,13,3,252,137,1.1,3.96,28.0,23.2,39.25,20.0,32.0,120.4,117.9,0.0585,0,1.0999999999999999,0.972,220.0,109.99999999999999
int,14,14,3,252,142,1.1,4.08,28.0,23.2,42.0,20.0,34.0,120.4,117.9,0.0585,0,1.0999999999999999,0.971,220.0,109.99999999999999
int,14,15,3,252,147,1.1,4.2,28.0,23.2,45.25,20.0,36.0,120.4,117.9,0.0585,0,1.0999999999999999,0.97,220.0,109.99999999999999
int,15,14,3,252,142,1.1,4.08,28.0,23.2,42.0,20.0,34.0,120.4,117.9,0.0585,0,1.0999999999999999,0.971,220.0,109.99999999999999
int,15,15,3,252,147,1.1,4.2,28.0,23.2,45.25,20.0,36.0,120.4,117.9,0.0585,0,1.0999999999999999,0.97,220.0,109.99999999999999
int,15,16,3,252,152,1.1,4.32,28.0,23.2,47.25,20.0,38.0,120.4,117.9,0.0585,0,1.0999999999999999,0.969,220.0,109.99999999999999
int,18,17,3,252,157,1.1,4.44,28.0,23.2,49.25,20.0,40.0,120.4,117.9,0.0585,0,1.0999999999999999,0.968,220.0,109.99999999999999
int,18,18,3,252,162,1.1,4.76,28.0,23.2,51.25,20.0,42.0,120.4,117.9,0.0585,0,1.0999999999999999,0.967,220.0,109.99999999999999
int,18,19,3,252,167,1.1,4.879999999999999,28.0,23.2,53.25,20.0,44.0,120.4,117.9,0.0585,0,1.0999999999999999,0.966,220.0,109.99999999999999
int,20,19,3,252,167,1.1,4.879999999999999,28.0,23.2,53.25,20.0,44.0,120.4,117.9,0.0585,0,1.0999999999999999,0.966,220.0,109.99999999999999
int,20,20,3,252,177,1.1,5.0,28.0,23.2,57.0,20.0,48.0,120.4,117.9,0.0585,0,1.0999999999999999,0.965,220.0,109.99999999999999
int,20,21,4,252,182,1.1,5.119999999999999,28.0,23.2,60.25,20.0,50.0,120.4,117.9,0.0585,0,1.0999999999999999,0.964,220.0,109.99999999999999
int,21,20,3,252,177,1.1,5.0,28.0,23.2,57.0,20.0,48.0,120.4,117.9,0.0585,0,1.0999999999999999,0.965,220.0,109.99999999999999
int,21,21,4,252,182,1.1,5.119999999999999,28.0,23.2,60.25,20.0,50.0,120.4,117.9,0.0585,0,1.0999999999999999,0.964,220.0,109.99999999999999
int,21,22,4,252,187,1.1,5.24,28.0,23.2,62.25,20.0,52.0,120.4,117.9,0.0585,0,1.0999999999999999,0.963,220.0,109.99999999999999
int,24,23,4,252,192,1.1,5.359999999999999,28.0,23.2,64.25,20.0,54.0,120.4,117.9,0.0585,0,1.0999999999999999,0.962,220.0,109.99999999999999
int,24,24,4,252,197,1.1,5.68,28.0,23.2,66.25,20.0,56.0,120.4,117.9,0.0585,0,1.0999999999999999,0.961,220.0,109.99999999999999
int,24,25,4,252,202,1.1,5.8,28.0,23.2,70.5,20.0,58.0,120.4,117.9,0.0585,0,1.0999999999999999,0.96,220.0,109.99999999999999
int,25,24,4,252,197,1.1,5.68,28.0,23.2,66.25,20.0,56.0,120.4,117.9,0.0585,0,1.0999999999999999,0.961,220.0,109.99999999999999
int,25,25,4,252,202,1.1,5.8,28.0,23.2,70.5,20.0,58.0,120.4,117.9,0.0585,0,1.0999999999999999,0.96,220.0,109.99999999999999
int,25,26,4,252,207,1.1,5.92,28.0,23.2,72.5,20.0,60.0,120.4,117.9,0.0585,0,1.0999999999999999,0.959,220.0,109.99999999999999
int,28,27,4,252,212,1.1,6.04,28.0,23.2,74.5,20.0,62.0,120.4,117.9,0.0585,0,1.0999999999999999,0.958,220.0,109.99999999999999
int,28,28,4,252,217,1.1,6.159999999999999,28.0,23.2,78.25,20.0,64.0,120.4,117.9,0.0585,0,1.0999999999999999,0.957,220.0,109.99999999999999
int,28,29,4,252,222,1.1,6.28,28.0,23.2,80.25,20.0,66.0,120.4,117.9,0.0585,0,1.0999999999999999,0.956,220.0,109.99999999999999
int,30,29,4,252,222,1.1,6.28,28.0,23.2,80.25,20.0,66.0,120.4,117.9,0.0585,0,1.0999999999999999,0.956,220.0,109.99999999999999
int,30,30,4,252,232,1.1,6.6,28.0,23.2,85.0,20.0,70.0,120.4,117.9,0.0585,0,1.0999999999999999,0.955,220.0,109.99999999999999
int,30,31,5,252,237,1.1,6.72,28.0,23.2,87.0,20.0,72.0,120.4,117.9,0.0585,0,1.0999999999999999,0.954,220.0,109.99999999999999
int,35,34,5,252,252,1.1,7.08,28.0,23.2,93.0,20.0,78.0,120.4,117.9,0.0585,0,1.0999999999999999,0.951,220.0,109.99999999999999
int,35,35,5,252,257,1.1,7.2,28.0,23.2,100.5,20.0,80.0,120.4,117.9,0.0585,0,1.0999999999999999,0.95,220.0,109.99999999999999
int,35,36,5,252,262,1.1,7.5200000000000005,28.0,23.2,102.5,20.0,82.0,120.4,117.9,0.0585,0,1.0999999999999999,0.949,220.0,109.99999999999999
int,36,35,5,252,257,1.1,7.2,28.0,23.2,100.5,20.0,80.0,120.4,117.9,0.0585,0,1.0999999999999999,0.95,220.0,109.99999999999999
int,36,36,5,252,262,1.1,7.5200000000000005,28.0,23.2,102.5,20.0,82.0,120.4,117.9,0.0585,0,1.0999999999999999,0.949,220.0,109.99999999999999
int,36,37,5,252,267,1.1,7.64,28.0,23.2,104.5,20.0,84.0,120.4,117.9,0.0585,0,1.0999999999999999,0.948,220.0,109.99999999999999
int,40,39,5,252,277,1.1,7.88,28.0,23.2,108.5,20.0,88.0,120.4,117.9,0.0585,0,1.0999999999999999,0.946,220.0,109.99999999999999
int,40,40,5,252,287,1.1,8.0,28.0,23.2,114.25,20.0,92.0,120.4,117.9,0.0585,0,1.0999999999999999,0.945,220.0,109.99999999999999
int,40,41,6,252,292,1.1,8.120000000000001,28.0,23.2,116.25,20.0,94.0,120.4,117.9,0.0585,0,1.0999999999999999,0.944,220.0,109.99999999999999
int,42,41,6,252,292,1.1,8.120000000000001,28.0,23.2,116.25,20.0,94.0,120.4,117.9,0.0585,0,1.0999999999999999,0.944,220.0,109.99999999999999
int,42,42,6,252,297,1.1,8.44,28.0,23.2,121.0,20.0,96.0,120.4,117.9,0.0585,0,1.0999999999999999,0.943,220.0,109.99999999999999
int,42,43,6,252,302,1.1,8.56,28.0,23.2,123.0,20.0,98.0,120.4,117.9,0.0585,0,1.0999999999999999,0.942,220.0,109.99999999999999
int,45,44,6,252,307,1.1,8.68,28.0,23.2,125.0,20.0,100.0,120.4,117.9,0.0585,0,1.0999999999999999,0.941,220.0,109.99999999999999
int,45,45,6,252,312,1.1,8.799999999999999,28.0,23.2,131.25,20.0,102.0,120.4,117.9,0.0585,0,1.0999999999999999,0.94,220.0,109.99999999999999
int,45,46,6,252,317,1.1,8.92,28.0,23.2,133.25,20.0,104.0,120.4,117.9,0.0585,0,1.0999999999999999,0.939,220.0,109.99999999999999
int,48,47,6,252,322,1.1,9.04,28.0,23.2,135.25,20.0,106.0,120.4,117.9,0.0585,0,1.0999999999999999,0.938,220.0,109.99999999999999
int,48,48,6,252,327,1.1,9.36,28.0,23.2,137.25,20.0,108.0,120.4,117.9,0.0585,0,1.0999999999999999,0.9369999999999999,220.0,109.99999999999999
int,48,49,6,252,332,1.1,9.48,28.0,23.2,142.5,20.0,110.0,120.4,117.9,0.0585,0,1.0999999999999999,0.9359999999999999,220.0,109.99999999999999
int,49,48,6,252,327,1.1,9.36,28.0,23.2,137.25,20.0,108.0,120.4,117.9,0.0585,0,1.0999999999999999,0.9369999999999999,220.0,109.99999999999999
int,49,49,6,252,332,1.1,9.48,28.0,23.2,142.5,20.0,110.0,120.4,117.9,0.0585,0,1.0999999999999999,0.9359999999999999,220.0,109.99999999999999
int,49,50,6,252,342,1.1,9.6,28.0,23.2,149.25,20.0,114.0,120.4,117.9,0.0585,0,1.0999999999999999,0.9349999999999999,220.0,109.99999999999999
int,50,49,6,252,332,1.1,9.48,28.0,23.2,142.5,20.0,110.0,120.4,117.9,0.0585,0,1.0999999999999999,0.9359999999999999,220.0,109.99999999999999
int,50,50,6,252,342,1.1,9.6,28.0,23.2,149.25,20.0,114.0,120.4,117.9,0.0585,0,1.0999999999999999,0.9349999999999999,220.0,109.99999999999999
int,50,51,7,252,347,1.1,9.72,28.0,23.2,151.25,20.0,116.0,120.4,117.9,0.0585,0,1.0999999999999999,0.9339999999999999,220.0,109.99999999999999
int,54,53,7,252,357,1.1,9.959999999999999,28.0,23.2,155.25,20.0,120.0,120.4,117.9,0.0585,0,1.0999999999999999,0.9319999999999999,220.0,109.99999999999999
int,54,54,7,252,362,1.1,10.280000000000001,28.0,23.2,157.25,20.0,122.0,120.4,117.9,0.0585,0,1.0999999999999999,0.9309999999999999,220.0,109.99999999999999
int,54,55,7,252,367,1.1,10.4,28.0,23.2,164.5,20.0,124.0,120.4,117.9,0.0585,0,1.0999999999999999,0.9299999999999999,220.0,109.99999999999999
int,55,54,7,252,362,1.1,10.280000000000001,28.0,23.2,157.25,20.0,122.0,120.4,117.9,0.0585,0,1.0999999999999999,0.9309999999999999,220.0,109.99999999999999
int,55,55,7,252,367,1.1,10.4,28.0,23.2,164.5,20.0,124.0,120.4,117.9,0.0585,0,1.0999999999999999,0.9299999999999999,220.0,109.99999999999999
int,55,56,7,252,372,1.1,10.52,28.0,23.2,170.25,20.0,126.0,120.4,117.9,0.0585,0,1.0999999999999999,0.9289999999999999,220.0,109.99999999999999
int,56,55,7,252,367,1.1,10.4,28.0,23.2,164.5,20.0,124.0,120.4,117.9,0.0585,0,1.0999999999999999,0.9299999999999999,220.0,109.99999999999999
int,56,56,7,252,372,1.1,10.52,28.0,23.2,170.25,20.0,126.0,120.4,117.9,0.0585,0,1.0999999999999999,0.9289999999999999,220.0,109.99999999999999
int,56,57,7,252,377,1.1,10.64,28.0,23.2,172.25,20.0,128.0,120.4,117.9,0.0585,0,1.0999999999999999,0.9279999999999999,220.0,109.99999999999999
int,60,59,7,252,387,1.1,10.88,28.0,23.2,176.25,20.0,132.0,120.4,117.9,0.0585,0,1.0999999999999999,0.9259999999999999,220.0,109.99999999999999
int,60,60,cap_or_modifier_only,252,397,1.1,11.2,28.0,23.2,184.0,20.0,136.0,120.4,117.9,0.0585,0,1.0999999999999999,0.925,220.0,109.99999999999999
int,60,61,cap_or_modifier_only,252,402,1.1,11.32,28.0,23.2,186.0,20.0,138.0,120.4,117.9,0.0585,0,1.0999999999999999,0.9239999999999999,220.0,109.99999999999999
int,63,62,cap_or_modifier_only,252,407,1.1,11.44,28.0,23.2,188.0,20.0,140.0,120.4,117.9,0.0585,0,1.0999999999999999,0.923,220.0,109.99999999999999
int,63,63,cap_or_modifier_only,252,412,1.1,11.559999999999999,28.0,23.2,194.25,20.0,142.0,120.4,117.9,0.0585,0,1.0999999999999999,0.9219999999999999,220.0,109.99999999999999
int,63,64,cap_or_modifier_only,252,417,1.1,11.68,28.0,23.2,196.25,20.0,144.0,120.4,117.9,0.0585,0,1.0999999999999999,0.921,220.0,109.99999999999999
int,65,64,cap_or_modifier_only,252,417,1.1,11.68,28.0,23.2,196.25,20.0,144.0,120.4,117.9,0.0585,0,1.0999999999999999,0.921,220.0,109.99999999999999
int,65,65,cap_or_modifier_only,252,422,1.1,11.8,28.0,23.2,204.5,20.0,146.0,120.4,117.9,0.0585,0,1.0999999999999999,0.9199999999999999,220.0,109.99999999999999
int,65,66,cap_or_modifier_only,252,427,1.1,12.120000000000001,28.0,23.2,206.5,20.0,148.0,120.4,117.9,0.0585,0,1.0999999999999999,0.919,220.0,109.99999999999999
int,66,65,cap_or_modifier_only,252,422,1.1,11.8,28.0,23.2,204.5,20.0,146.0,120.4,117.9,0.0585,0,1.0999999999999999,0.9199999999999999,220.0,109.99999999999999
int,66,66,cap_or_modifier_only,252,427,1.1,12.120000000000001,28.0,23.2,206.5,20.0,148.0,120.4,117.9,0.0585,0,1.0999999999999999,0.919,220.0,109.99999999999999
int,66,67,cap_or_modifier_only,252,432,1.1,12.239999999999998,28.0,23.2,208.5,20.0,150.0,120.4,117.9,0.0585,0,1.0999999999999999,0.9179999999999999,220.0,109.99999999999999
int,70,69,cap_or_modifier_only,252,442,1.1,12.48,28.0,23.2,212.5,20.0,154.0,120.4,117.9,0.0585,0,1.0999999999999999,0.9159999999999999,220.0,109.99999999999999
int,70,70,cap_or_modifier_only,252,452,1.1,12.600000000000001,28.0,23.2,226.0,20.0,158.0,120.4,117.9,0.0585,0,1.0999999999999999,0.915,220.0,109.99999999999999
int,70,71,cap_or_modifier_only,252,457,1.1,12.719999999999999,28.0,23.2,228.0,20.0,160.0,120.4,117.9,0.0585,0,1.0999999999999999,0.9139999999999999,220.0,109.99999999999999
int,72,71,cap_or_modifier_only,252,457,1.1,12.719999999999999,28.0,23.2,228.0,20.0,160.0,120.4,117.9,0.0585,0,1.0999999999999999,0.9139999999999999,220.0,109.99999999999999
int,72,72,cap_or_modifier_only,252,462,1.1,13.040000000000001,28.0,23.2,230.0,20.0,162.0,120.4,117.9,0.0585,0,1.0999999999999999,0.913,220.0,109.99999999999999
int,72,73,cap_or_modifier_only,252,467,1.1,13.16,28.0,23.2,232.0,20.0,164.0,120.4,117.9,0.0585,0,1.0999999999999999,0.912,220.0,109.99999999999999
int,75,74,cap_or_modifier_only,252,472,1.1,13.28,28.0,23.2,234.0,20.0,166.0,120.4,117.9,0.0585,0,1.0999999999999999,0.911,220.0,109.99999999999999
int,75,75,cap_or_modifier_only,252,477,1.1,13.4,28.0,23.2,243.25,20.0,168.0,120.4,117.9,0.0585,0,1.0999999999999999,0.91,220.0,109.99999999999999
int,75,76,cap_or_modifier_only,252,482,1.1,13.52,28.0,23.2,245.25,20.0,170.0,120.4,117.9,0.0585,0,1.0999999999999999,0.909,220.0,109.99999999999999
int,77,76,cap_or_modifier_only,252,482,1.1,13.52,28.0,23.2,245.25,20.0,170.0,120.4,117.9,0.0585,0,1.0999999999999999,0.909,220.0,109.99999999999999
int,77,77,cap_or_modifier_only,252,487,1.1,13.64,28.0,23.2,252.5,20.0,172.0,120.4,117.9,0.0585,0,1.0999999999999999,0.908,220.0,109.99999999999999
int,77,78,cap_or_modifier_only,252,492,1.1,13.959999999999999,28.0,23.2,254.5,20.0,174.0,120.4,117.9,0.0585,0,1.0999999999999999,0.907,220.0,109.99999999999999
int,78,77,cap_or_modifier_only,252,487,1.1,13.64,28.0,23.2,252.5,20.0,172.0,120.4,117.9,0.0585,0,1.0999999999999999,0.908,220.0,109.99999999999999
int,78,78,cap_or_modifier_only,252,492,1.1,13.959999999999999,28.0,23.2,254.5,20.0,174.0,120.4,117.9,0.0585,0,1.0999999999999999,0.907,220.0,109.99999999999999
int,78,79,cap_or_modifier_only,252,497,1.1,14.08,28.0,23.2,256.5,20.0,176.0,120.4,117.9,0.0585,0,1.0999999999999999,0.906,220.0,109.99999999999999
int,80,79,cap_or_modifier_only,252,497,1.1,14.08,28.0,23.2,256.5,20.0,176.0,120.4,117.9,0.0585,0,1.0999999999999999,0.906,220.0,109.99999999999999
int,80,80,cap_or_modifier_only,252,507,1.1,14.2,28.0,23.2,266.25,20.0,180.0,120.4,117.9,0.0585,0,1.0999999999999999,0.905,220.0,109.99999999999999
int,80,81,cap_or_modifier_only,252,512,1.1,14.319999999999999,28.0,23.2,268.25,20.0,182.0,120.4,117.9,0.0585,0,1.0999999999999999,0.904,220.0,109.99999999999999
int,84,83,cap_or_modifier_only,252,522,1.1,14.559999999999999,28.0,23.2,272.25,20.0,186.0,120.4,117.9,0.0585,0,1.0999999999999999,0.902,220.0,109.99999999999999
int,84,84,cap_or_modifier_only,252,527,1.1,14.88,28.0,23.2,280.0,20.0,188.0,120.4,117.9,0.0585,0,1.0999999999999999,0.901,220.0,109.99999999999999
int,84,85,cap_or_modifier_only,252,532,1.1,15.0,28.0,23.2,290.25,20.0,190.0,120.4,117.9,0.0585,0,1.0999999999999999,0.9,220.0,109.99999999999999
int,85,84,cap_or_modifier_only,252,527,1.1,14.88,28.0,23.2,280.0,20.0,188.0,120.4,117.9,0.0585,0,1.0999999999999999,0.901,220.0,109.99999999999999
int,85,85,cap_or_modifier_only,252,532,1.1,15.0,28.0,23.2,290.25,20.0,190.0,120.4,117.9,0.0585,0,1.0999999999999999,0.9,220.0,109.99999999999999
int,85,86,cap_or_modifier_only,252,537,1.1,15.120000000000001,28.0,23.2,292.25,20.0,192.0,120.4,117.9,0.0585,0,1.0999999999999999,0.899,220.0,109.99999999999999
int,90,89,cap_or_modifier_only,252,552,1.1,15.48,28.0,23.2,298.25,20.0,198.0,120.4,117.9,0.0585,0,1.0999999999999999,0.896,220.0,109.99999999999999
int,90,90,cap_or_modifier_only,252,562,1.1,15.799999999999999,28.0,23.2,309.0,20.0,202.0,120.4,117.9,0.0585,0,1.0999999999999999,0.895,220.0,109.99999999999999
int,90,91,cap_or_modifier_only,252,567,1.1,15.92,28.0,23.2,317.25,20.0,204.0,120.4,117.9,0.0585,0,1.0999999999999999,0.894,220.0,109.99999999999999
int,91,90,cap_or_modifier_only,252,562,1.1,15.799999999999999,28.0,23.2,309.0,20.0,202.0,120.4,117.9,0.0585,0,1.0999999999999999,0.895,220.0,109.99999999999999
int,91,91,cap_or_modifier_only,252,567,1.1,15.92,28.0,23.2,317.25,20.0,204.0,120.4,117.9,0.0585,0,1.0999999999999999,0.894,220.0,109.99999999999999
int,91,92,cap_or_modifier_only,252,572,1.1,16.04,28.0,23.2,319.25,20.0,206.0,120.4,117.9,0.0585,0,1.0999999999999999,0.893,220.0,109.99999999999999
int,95,94,cap_or_modifier_only,252,582,1.1,16.28,28.0,23.2,323.25,20.0,210.0,120.4,117.9,0.0585,0,1.0999999999999999,0.891,220.0,109.99999999999999
int,95,95,cap_or_modifier_only,252,587,1.1,16.4,28.0,23.2,334.5,20.0,212.0,120.4,117.9,0.0585,0,1.0999999999999999,0.89,220.0,109.99999999999999
int,95,96,cap_or_modifier_only,252,592,1.1,16.72,28.0,23.2,336.5,20.0,214.0,120.4,117.9,0.0585,0,1.0999999999999999,0.889,220.0,109.99999999999999
int,96,95,cap_or_modifier_only,252,587,1.1,16.4,28.0,23.2,334.5,20.0,212.0,120.4,117.9,0.0585,0,1.0999999999999999,0.89,220.0,109.99999999999999
int,96,96,cap_or_modifier_only,252,592,1.1,16.72,28.0,23.2,336.5,20.0,214.0,120.4,117.9,0.0585,0,1.0999999999999999,0.889,220.0,109.99999999999999
int,96,97,cap_or_modifier_only,252,597,1.1,16.84,28.0,23.2,338.5,20.0,216.0,120.4,117.9,0.0585,0,1.0999999999999999,0.888,220.0,109.99999999999999
int,98,97,cap_or_modifier_only,252,597,1.1,16.84,28.0,23.2,338.5,20.0,216.0,120.4,117.9,0.0585,0,1.0999999999999999,0.888,220.0,109.99999999999999
int,98,98,cap_or_modifier_only,252,602,1.1,16.96,28.0,23.2,347.25,20.0,218.0,120.4,117.9,0.0585,0,1.0999999999999999,0.887,220.0,109.99999999999999
int,98,99,cap_or_modifier_only,252,607,1.1,17.08,28.0,23.2,349.25,20.0,220.0,120.4,117.9,0.0585,0,1.0999999999999999,0.886,220.0,109.99999999999999
int,100,99,cap_or_modifier_only,252,607,1.1,17.08,28.0,23.2,349.25,20.0,220.0,120.4,117.9,0.0585,0,1.0999999999999999,0.886,220.0,109.99999999999999
int,100,100,cap_or_modifier_only,252,617,1.1,17.2,28.0,23.2,361.0,20.0,224.0,120.4,117.9,0.0585,0,1.0999999999999999,0.885,220.0,109.99999999999999
int,100,101,cap_or_modifier_only,252,622,1.1,17.32,28.0,23.2,363.0,20.0,226.0,120.4,117.9,0.0585,0,1.0999999999999999,0.884,220.0,109.99999999999999
int,102,101,cap_or_modifier_only,252,622,1.1,17.32,28.0,23.2,363.0,20.0,226.0,120.4,117.9,0.0585,0,1.0999999999999999,0.884,220.0,109.99999999999999
int,102,102,cap_or_modifier_only,252,627,1.1,17.64,28.0,23.2,365.0,20.0,228.0,120.4,117.9,0.0585,0,1.0999999999999999,0.883,220.0,109.99999999999999
int,102,103,cap_or_modifier_only,252,632,1.1,17.759999999999998,28.0,23.2,367.0,20.0,230.0,120.4,117.9,0.0585,0,1.0999999999999999,0.882,220.0,109.99999999999999
int,105,104,cap_or_modifier_only,252,637,1.1,17.880000000000003,28.0,23.2,369.0,20.0,232.0,120.4,117.9,0.0585,0,1.0999999999999999,0.881,220.0,109.99999999999999
int,105,105,cap_or_modifier_only,252,642,1.1,18.0,28.0,23.2,388.5,20.0,234.0,120.4,117.9,0.0585,0,1.0999999999999999,0.88,220.0,109.99999999999999
int,105,106,cap_or_modifier_only,252,647,1.1,18.119999999999997,28.0,23.2,390.5,20.0,236.0,120.4,117.9,0.0585,0,1.0999999999999999,0.879,220.0,109.99999999999999
int,108,107,cap_or_modifier_only,252,652,1.1,18.240000000000002,28.0,23.2,392.5,20.0,238.0,120.4,117.9,0.0585,0,1.0999999999999999,0.878,220.0,109.99999999999999
int,108,108,cap_or_modifier_only,252,657,1.1,18.56,28.0,23.2,394.5,20.0,240.0,120.4,117.9,0.0585,0,1.0999999999999999,0.877,220.0,109.99999999999999
int,108,109,cap_or_modifier_only,252,662,1.1,18.68,28.0,23.2,396.5,20.0,242.0,120.4,117.9,0.0585,0,1.0999999999999999,0.876,220.0,109.99999999999999
int,110,109,cap_or_modifier_only,252,662,1.1,18.68,28.0,23.2,396.5,20.0,242.0,120.4,117.9,0.0585,0,1.0999999999999999,0.876,220.0,109.99999999999999
int,110,110,cap_or_modifier_only,252,672,1.1,18.8,28.0,23.2,409.25,20.0,246.0,120.4,117.9,0.0585,0,1.0999999999999999,0.875,220.0,109.99999999999999
int,110,111,cap_or_modifier_only,252,677,1.1,18.92,28.0,23.2,411.25,20.0,248.0,120.4,117.9,0.0585,0,1.0999999999999999,0.874,220.0,109.99999999999999
int,112,111,cap_or_modifier_only,252,677,1.1,18.92,28.0,23.2,411.25,20.0,248.0,120.4,117.9,0.0585,0,1.0999999999999999,0.874,220.0,109.99999999999999
int,112,112,cap_or_modifier_only,252,682,1.1,19.04,28.0,23.2,421.0,20.0,250.0,120.4,117.9,0.0585,0,1.0999999999999999,0.873,220.0,109.99999999999999
int,112,113,cap_or_modifier_only,252,687,1.1,19.16,28.0,23.2,423.0,20.0,252.0,120.4,117.9,0.0585,0,1.0999999999999999,0.872,220.0,109.99999999999999
int,114,113,cap_or_modifier_only,252,687,1.1,19.16,28.0,23.2,423.0,20.0,252.0,120.4,117.9,0.0585,0,1.0999999999999999,0.872,220.0,109.99999999999999
int,114,114,cap_or_modifier_only,252,692,1.1,19.48,28.0,23.2,425.0,20.0,254.0,120.4,117.9,0.0585,0,1.0999999999999999,0.871,220.0,109.99999999999999
int,114,115,cap_or_modifier_only,252,697,1.1,19.599999999999998,28.0,23.2,438.25,20.0,256.0,120.4,117.9,0.0585,0,1.0999999999999999,0.87,220.0,109.99999999999999
int,115,114,cap_or_modifier_only,252,692,1.1,19.48,28.0,23.2,425.0,20.0,254.0,120.4,117.9,0.0585,0,1.0999999999999999,0.871,220.0,109.99999999999999
int,115,115,cap_or_modifier_only,252,697,1.1,19.599999999999998,28.0,23.2,438.25,20.0,256.0,120.4,117.9,0.0585,0,1.0999999999999999,0.87,220.0,109.99999999999999
int,115,116,cap_or_modifier_only,252,702,1.1,19.72,28.0,23.2,440.25,20.0,258.0,120.4,117.9,0.0585,0,1.0999999999999999,0.869,220.0,109.99999999999999
int,119,118,cap_or_modifier_only,252,712,1.1,19.96,28.0,23.2,444.25,20.0,262.0,120.4,117.9,0.0585,0,1.0999999999999999,0.867,220.0,109.99999999999999
int,119,119,cap_or_modifier_only,252,717,1.1,20.080000000000002,28.0,23.2,454.5,20.0,264.0,120.4,117.9,0.0585,0,1.0999999999999999,0.866,220.0,109.99999999999999
int,119,120,cap_or_modifier_only,252,727,1.1,20.4,28.0,23.2,468.25,20.0,268.0,120.4,117.9,0.0585,0,1.0999999999999999,0.865,220.0,109.99999999999999
int,120,119,cap_or_modifier_only,252,717,1.1,20.080000000000002,28.0,23.2,454.5,20.0,264.0,120.4,117.9,0.0585,0,1.0999999999999999,0.866,220.0,109.99999999999999
int,120,120,cap_or_modifier_only,252,727,1.1,20.4,28.0,23.2,468.25,20.0,268.0,120.4,117.9,0.0585,0,1.0999999999999999,0.865,220.0,109.99999999999999
int,120,120,cap_or_modifier_only,252,727,1.1,20.4,28.0,23.2,468.25,20.0,268.0,120.4,117.9,0.0585,0,1.0999999999999999,0.865,220.0,109.99999999999999
dex,10,9,2,252,77,1.1,2.24,29.6,31.2,17.6,20.0,8.0,128.4,117.9,0.0605,0,1.1199999999999999,0.971,220.0,111.99999999999999
dex,10,10,2,252,77,1.1,2.24,30.0,34.2,18.0,20.0,8.0,132.4,117.9,0.061,0,1.125,0.958,220.0,112.5
dex,10,11,3,252,77,1.1,2.24,30.4,36.2,18.4,20.0,8.0,134.4,117.9,0.0615,0,1.13,0.955,220.0,112.99999999999999
dex,20,19,3,252,77,1.1,2.24,33.6,52.2,21.6,20.0,8.0,150.4,117.9,0.0655,0,1.17,0.9309999999999999,220.0,117.0
dex,20,20,3,252,77,1.1,2.24,34.0,57.2,22.0,20.0,8.0,154.4,117.9,0.066,0,1.175,0.9179999999999999,220.0,117.5
dex,20,21,4,252,77,1.1,2.24,34.4,59.2,22.4,20.0,8.0,156.4,117.9,0.0665,0,1.18,0.915,220.0,118.0
dex,30,29,4,252,77,1.1,2.24,37.6,75.2,25.6,20.0,8.0,172.4,117.9,0.07050000000000001,0,1.22,0.891,220.0,122.0
dex,30,30,4,252,77,1.1,2.24,38.0,82.2,26.0,20.0,8.0,176.4,117.9,0.07100000000000001,0,1.2249999999999999,0.878,220.0,122.49999999999999
dex,30,31,5,252,77,1.1,2.24,38.4,84.2,26.4,20.0,8.0,178.4,117.9,0.07150000000000001,0,1.23,0.875,220.0,123.0
dex,40,39,5,252,77,1.1,2.24,41.6,100.2,29.6,20.0,8.0,194.4,117.9,0.0755,0,1.27,0.851,220.0,127.0
dex,40,40,5,252,77,1.1,2.24,42.0,109.2,30.0,20.0,8.0,198.4,117.9,0.076,0,1.275,0.838,220.0,127.49999999999999
dex,40,41,6,252,77,1.1,2.24,42.400000000000006,111.2,30.400000000000002,20.0,8.0,200.4,117.9,0.0765,0,1.28,0.835,220.0,128.0
dex,50,49,6,252,77,1.1,2.24,45.6,127.2,33.6,20.0,8.0,216.4,117.9,0.0805,0,1.3199999999999998,0.8109999999999999,220.0,131.99999999999997
dex,50,50,6,252,77,1.1,2.24,46.0,138.2,34.0,20.0,8.0,220.4,117.9,0.081,0,1.325,0.7979999999999999,220.0,132.5
dex,50,51,7,252,77,1.1,2.24,46.400000000000006,140.2,34.400000000000006,20.0,8.0,222.4,117.9,0.0815,0,1.33,0.7949999999999999,220.0,133.0
dex,60,59,7,252,77,1.1,2.24,49.6,156.2,37.6,20.0,8.0,238.4,117.9,0.0855,0,1.3699999999999999,0.7709999999999999,220.0,137.0
dex,60,60,cap_or_modifier_only,252,77,1.1,2.24,50.0,169.2,38.0,20.0,8.0,242.4,117.9,0.086,0,1.375,0.758,220.0,137.5
dex,60,61,cap_or_modifier_only,252,77,1.1,2.24,50.400000000000006,171.2,38.400000000000006,20.0,8.0,244.4,117.9,0.0865,0,1.38,0.7549999999999999,220.0,138.0
dex,70,69,cap_or_modifier_only,252,77,1.1,2.24,53.6,187.2,41.6,20.0,8.0,260.4,117.9,0.0905,0,1.42,0.7309999999999999,220.0,142.0
dex,70,70,cap_or_modifier_only,252,77,1.1,2.24,54.0,202.2,42.0,20.0,8.0,264.4,117.9,0.091,0,1.425,0.718,220.0,142.5
dex,70,71,cap_or_modifier_only,252,77,1.1,2.24,54.400000000000006,204.2,42.400000000000006,20.0,8.0,266.4,117.9,0.0915,0,1.43,0.7150000000000001,220.0,143.0
dex,80,79,cap_or_modifier_only,252,77,1.1,2.24,57.6,220.2,45.6,20.0,8.0,282.4,117.9,0.0955,0,1.47,0.6910000000000001,220.0,147.0
dex,80,80,cap_or_modifier_only,252,77,1.1,2.24,58.0,237.2,46.0,20.0,8.0,286.4,117.9,0.096,0,1.475,0.678,220.0,147.5
dex,80,81,cap_or_modifier_only,252,77,1.1,2.24,58.4,239.2,46.4,20.0,8.0,288.4,117.9,0.0965,0,1.48,0.675,220.0,148.0
dex,90,89,cap_or_modifier_only,252,77,1.1,2.24,61.6,255.2,49.6,20.0,8.0,304.4,117.9,0.1005,0,1.52,0.651,220.0,152.0
dex,90,90,cap_or_modifier_only,252,77,1.1,2.24,62.0,274.2,50.0,20.0,8.0,308.4,117.9,0.101,0,1.525,0.638,220.0,152.5
dex,90,91,cap_or_modifier_only,252,77,1.1,2.24,62.4,276.2,50.4,20.0,8.0,310.4,117.9,0.1015,0,1.53,0.635,220.0,153.0
dex,100,99,cap_or_modifier_only,252,77,1.1,2.24,65.6,292.2,53.6,20.0,8.0,326.4,117.9,0.10550000000000001,0,1.5699999999999998,0.6110000000000001,220.0,156.99999999999997
dex,100,100,cap_or_modifier_only,252,77,1.1,2.24,66.0,313.2,54.0,20.0,8.0,330.4,117.9,0.10600000000000001,0,1.575,0.598,220.0,157.5
dex,100,101,cap_or_modifier_only,252,77,1.1,2.24,66.4,315.2,54.400000000000006,20.0,8.0,332.4,117.9,0.10650000000000001,0,1.58,0.5950000000000001,220.0,158.0
dex,110,109,cap_or_modifier_only,252,77,1.1,2.24,69.6,331.2,57.6,20.0,8.0,348.4,117.9,0.1105,0,1.62,0.5710000000000001,220.0,162.0
dex,110,110,cap_or_modifier_only,252,77,1.1,2.24,70.0,354.2,58.0,20.0,8.0,352.4,117.9,0.111,0,1.625,0.5579999999999999,220.0,162.5
dex,110,111,cap_or_modifier_only,252,77,1.1,2.24,70.4,356.2,58.400000000000006,20.0,8.0,354.4,117.9,0.1115,0,1.63,0.555,220.0,163.0
dex,120,119,cap_or_modifier_only,252,77,1.1,2.24,73.6,372.2,61.6,20.0,8.0,370.4,117.9,0.1155,0,1.67,0.531,220.0,167.0
dex,120,120,cap_or_modifier_only,252,77,1.1,2.24,74.0,397.2,62.0,20.0,8.0,374.4,117.9,0.11599999999999999,0,1.6749999999999998,0.518,220.0,167.49999999999997
dex,120,120,cap_or_modifier_only,252,77,1.1,2.24,74.0,397.2,62.0,20.0,8.0,374.4,117.9,0.11599999999999999,0,1.6749999999999998,0.518,220.0,167.49999999999997
luk,5,4,2,252,77,1.1,2.24,28.0,23.2,16.0,20.0,8.0,120.8,118.3,0.0645,0,1.0999999999999999,0.983,220.0,109.99999999999999
luk,5,5,2,252,77,1.1,2.24,28.0,23.2,16.0,20.0,8.0,121.0,118.5,0.0695,0.002,1.0999999999999999,0.983,220.0,109.99999999999999
luk,5,6,2,252,77,1.1,2.24,28.0,23.2,16.0,20.0,8.0,121.2,118.7,0.07250000000000001,0.002,1.0999999999999999,0.983,220.0,109.99999999999999
luk,10,9,2,252,77,1.1,2.24,28.0,23.2,16.0,20.0,8.0,121.8,119.3,0.0815,0.002,1.0999999999999999,0.983,220.0,109.99999999999999
luk,10,10,2,252,77,1.1,2.24,28.0,23.2,16.0,20.0,8.0,122.0,119.5,0.08650000000000001,0.004,1.0999999999999999,0.983,220.0,109.99999999999999
luk,10,11,3,252,77,1.1,2.24,28.0,23.2,16.0,20.0,8.0,122.2,119.7,0.08950000000000001,0.004,1.0999999999999999,0.983,220.0,109.99999999999999
luk,15,14,3,252,77,1.1,2.24,28.0,23.2,16.0,20.0,8.0,122.8,120.3,0.0985,0.004,1.0999999999999999,0.983,220.0,109.99999999999999
luk,15,15,3,252,77,1.1,2.24,28.0,23.2,16.0,20.0,8.0,123.0,120.5,0.10350000000000001,0.006,1.0999999999999999,0.983,220.0,109.99999999999999
luk,15,16,3,252,77,1.1,2.24,28.0,23.2,16.0,20.0,8.0,123.2,120.7,0.10650000000000001,0.006,1.0999999999999999,0.983,220.0,109.99999999999999
luk,20,19,3,252,77,1.1,2.24,28.0,23.2,16.0,20.0,8.0,123.8,121.3,0.11550000000000002,0.006,1.0999999999999999,0.983,220.0,109.99999999999999
luk,20,20,3,252,77,1.1,2.24,28.0,23.2,16.0,20.0,8.0,124.0,121.5,0.1205,0.008,1.0999999999999999,0.983,220.0,109.99999999999999
luk,20,21,4,252,77,1.1,2.24,28.0,23.2,16.0,20.0,8.0,124.2,121.7,0.1235,0.008,1.0999999999999999,0.983,220.0,109.99999999999999
luk,25,24,4,252,77,1.1,2.24,28.0,23.2,16.0,20.0,8.0,124.8,122.3,0.1325,0.008,1.0999999999999999,0.983,220.0,109.99999999999999
luk,25,25,4,252,77,1.1,2.24,28.0,23.2,16.0,20.0,8.0,125.0,122.5,0.1375,0.01,1.0999999999999999,0.983,220.0,109.99999999999999
luk,25,26,4,252,77,1.1,2.24,28.0,23.2,16.0,20.0,8.0,125.2,122.7,0.1405,0.01,1.0999999999999999,0.983,220.0,109.99999999999999
luk,30,29,4,252,77,1.1,2.24,28.0,23.2,16.0,20.0,8.0,125.8,123.3,0.14950000000000002,0.01,1.0999999999999999,0.983,220.0,109.99999999999999
luk,30,30,4,252,77,1.1,2.24,28.0,23.2,16.0,20.0,8.0,126.0,123.5,0.15450000000000003,0.012,1.0999999999999999,0.983,220.0,109.99999999999999
luk,30,31,5,252,77,1.1,2.24,28.0,23.2,16.0,20.0,8.0,126.2,123.7,0.15750000000000003,0.012,1.0999999999999999,0.983,220.0,109.99999999999999
luk,35,34,5,252,77,1.1,2.24,28.0,23.2,16.0,20.0,8.0,126.8,124.3,0.16650000000000004,0.012,1.0999999999999999,0.983,220.0,109.99999999999999
luk,35,35,5,252,77,1.1,2.24,28.0,23.2,16.0,20.0,8.0,127.0,124.5,0.1715,0.014,1.0999999999999999,0.983,220.0,109.99999999999999
luk,35,36,5,252,77,1.1,2.24,28.0,23.2,16.0,20.0,8.0,127.2,124.7,0.17450000000000002,0.014,1.0999999999999999,0.983,220.0,109.99999999999999
luk,40,39,5,252,77,1.1,2.24,28.0,23.2,16.0,20.0,8.0,127.8,125.3,0.18350000000000002,0.014,1.0999999999999999,0.983,220.0,109.99999999999999
luk,40,40,5,252,77,1.1,2.24,28.0,23.2,16.0,20.0,8.0,128.0,125.5,0.1885,0.016,1.0999999999999999,0.983,220.0,109.99999999999999
luk,40,41,6,252,77,1.1,2.24,28.0,23.2,16.0,20.0,8.0,128.2,125.7,0.1915,0.016,1.0999999999999999,0.983,220.0,109.99999999999999
luk,45,44,6,252,77,1.1,2.24,28.0,23.2,16.0,20.0,8.0,128.8,126.3,0.2005,0.016,1.0999999999999999,0.983,220.0,109.99999999999999
luk,45,45,6,252,77,1.1,2.24,28.0,23.2,16.0,20.0,8.0,129.0,126.5,0.20550000000000002,0.018000000000000002,1.0999999999999999,0.983,220.0,109.99999999999999
luk,45,46,6,252,77,1.1,2.24,28.0,23.2,16.0,20.0,8.0,129.2,126.7,0.20850000000000002,0.018000000000000002,1.0999999999999999,0.983,220.0,109.99999999999999
luk,50,49,6,252,77,1.1,2.24,28.0,23.2,16.0,20.0,8.0,129.8,127.3,0.21750000000000003,0.018000000000000002,1.0999999999999999,0.983,220.0,109.99999999999999
luk,50,50,6,252,77,1.1,2.24,28.0,23.2,16.0,20.0,8.0,130.0,127.5,0.2225,0.02,1.0999999999999999,0.983,220.0,109.99999999999999
luk,50,51,7,252,77,1.1,2.24,28.0,23.2,16.0,20.0,8.0,130.2,127.7,0.2255,0.02,1.0999999999999999,0.983,220.0,109.99999999999999
luk,55,54,7,252,77,1.1,2.24,28.0,23.2,16.0,20.0,8.0,130.8,128.3,0.23450000000000001,0.02,1.0999999999999999,0.983,220.0,109.99999999999999
luk,55,55,7,252,77,1.1,2.24,28.0,23.2,16.0,20.0,8.0,131.0,128.5,0.23950000000000002,0.022,1.0999999999999999,0.983,220.0,109.99999999999999
luk,55,56,7,252,77,1.1,2.24,28.0,23.2,16.0,20.0,8.0,131.2,128.7,0.24250000000000002,0.022,1.0999999999999999,0.983,220.0,109.99999999999999
luk,60,59,7,252,77,1.1,2.24,28.0,23.2,16.0,20.0,8.0,131.8,129.3,0.2515,0.022,1.0999999999999999,0.983,220.0,109.99999999999999
luk,60,60,cap_or_modifier_only,252,77,1.1,2.24,28.0,23.2,16.0,20.0,8.0,132.0,129.5,0.2565,0.024,1.0999999999999999,0.983,220.0,109.99999999999999
luk,60,61,cap_or_modifier_only,252,77,1.1,2.24,28.0,23.2,16.0,20.0,8.0,132.2,129.7,0.2595,0.024,1.0999999999999999,0.983,220.0,109.99999999999999
luk,65,64,cap_or_modifier_only,252,77,1.1,2.24,28.0,23.2,16.0,20.0,8.0,132.8,130.3,0.2685,0.024,1.0999999999999999,0.983,220.0,109.99999999999999
luk,65,65,cap_or_modifier_only,252,77,1.1,2.24,28.0,23.2,16.0,20.0,8.0,133.0,130.5,0.2735,0.026000000000000002,1.0999999999999999,0.983,220.0,109.99999999999999
luk,65,66,cap_or_modifier_only,252,77,1.1,2.24,28.0,23.2,16.0,20.0,8.0,133.2,130.7,0.2765,0.026000000000000002,1.0999999999999999,0.983,220.0,109.99999999999999
luk,70,69,cap_or_modifier_only,252,77,1.1,2.24,28.0,23.2,16.0,20.0,8.0,133.8,131.3,0.28550000000000003,0.026000000000000002,1.0999999999999999,0.983,220.0,109.99999999999999
luk,70,70,cap_or_modifier_only,252,77,1.1,2.24,28.0,23.2,16.0,20.0,8.0,134.0,131.5,0.29050000000000004,0.028,1.0999999999999999,0.983,220.0,109.99999999999999
luk,70,71,cap_or_modifier_only,252,77,1.1,2.24,28.0,23.2,16.0,20.0,8.0,134.2,131.7,0.29350000000000004,0.028,1.0999999999999999,0.983,220.0,109.99999999999999
luk,75,74,cap_or_modifier_only,252,77,1.1,2.24,28.0,23.2,16.0,20.0,8.0,134.8,132.3,0.30250000000000005,0.028,1.0999999999999999,0.983,220.0,109.99999999999999
luk,75,75,cap_or_modifier_only,252,77,1.1,2.24,28.0,23.2,16.0,20.0,8.0,135.0,132.5,0.3075,0.03,1.0999999999999999,0.983,220.0,109.99999999999999
luk,75,76,cap_or_modifier_only,252,77,1.1,2.24,28.0,23.2,16.0,20.0,8.0,135.2,132.7,0.3105,0.03,1.0999999999999999,0.983,220.0,109.99999999999999
luk,80,79,cap_or_modifier_only,252,77,1.1,2.24,28.0,23.2,16.0,20.0,8.0,135.8,133.3,0.3195,0.03,1.0999999999999999,0.983,220.0,109.99999999999999
luk,80,80,cap_or_modifier_only,252,77,1.1,2.24,28.0,23.2,16.0,20.0,8.0,136.0,133.5,0.3245,0.032,1.0999999999999999,0.983,220.0,109.99999999999999
luk,80,81,cap_or_modifier_only,252,77,1.1,2.24,28.0,23.2,16.0,20.0,8.0,136.2,133.7,0.3275,0.032,1.0999999999999999,0.983,220.0,109.99999999999999
luk,85,84,cap_or_modifier_only,252,77,1.1,2.24,28.0,23.2,16.0,20.0,8.0,136.8,134.3,0.3365,0.032,1.0999999999999999,0.983,220.0,109.99999999999999
luk,85,85,cap_or_modifier_only,252,77,1.1,2.24,28.0,23.2,16.0,20.0,8.0,137.0,134.5,0.3415,0.034,1.0999999999999999,0.983,220.0,109.99999999999999
luk,85,86,cap_or_modifier_only,252,77,1.1,2.24,28.0,23.2,16.0,20.0,8.0,137.2,134.7,0.34450000000000003,0.034,1.0999999999999999,0.983,220.0,109.99999999999999
luk,90,89,cap_or_modifier_only,252,77,1.1,2.24,28.0,23.2,16.0,20.0,8.0,137.8,135.3,0.35350000000000004,0.034,1.0999999999999999,0.983,220.0,109.99999999999999
luk,90,90,cap_or_modifier_only,252,77,1.1,2.24,28.0,23.2,16.0,20.0,8.0,138.0,135.5,0.35850000000000004,0.036000000000000004,1.0999999999999999,0.983,220.0,109.99999999999999
luk,90,91,cap_or_modifier_only,252,77,1.1,2.24,28.0,23.2,16.0,20.0,8.0,138.2,135.7,0.36150000000000004,0.036000000000000004,1.0999999999999999,0.983,220.0,109.99999999999999
luk,95,94,cap_or_modifier_only,252,77,1.1,2.24,28.0,23.2,16.0,20.0,8.0,138.8,136.3,0.37050000000000005,0.036000000000000004,1.0999999999999999,0.983,220.0,109.99999999999999
luk,95,95,cap_or_modifier_only,252,77,1.1,2.24,28.0,23.2,16.0,20.0,8.0,139.0,136.5,0.3755,0.038,1.0999999999999999,0.983,220.0,109.99999999999999
luk,95,96,cap_or_modifier_only,252,77,1.1,2.24,28.0,23.2,16.0,20.0,8.0,139.2,136.7,0.3785,0.038,1.0999999999999999,0.983,220.0,109.99999999999999
luk,100,99,cap_or_modifier_only,252,77,1.1,2.24,28.0,23.2,16.0,20.0,8.0,139.8,137.3,0.38749999999999996,0.038,1.0999999999999999,0.983,220.0,109.99999999999999
luk,100,100,cap_or_modifier_only,252,77,1.1,2.24,28.0,23.2,16.0,20.0,8.0,140.0,137.5,0.39249999999999996,0.04,1.0999999999999999,0.983,220.0,109.99999999999999
luk,100,101,cap_or_modifier_only,252,77,1.1,2.24,28.0,23.2,16.0,20.0,8.0,140.2,137.7,0.39549999999999996,0.04,1.0999999999999999,0.983,220.0,109.99999999999999
luk,105,104,cap_or_modifier_only,252,77,1.1,2.24,28.0,23.2,16.0,20.0,8.0,140.8,138.3,0.40449999999999997,0.04,1.0999999999999999,0.983,220.0,109.99999999999999
luk,105,105,cap_or_modifier_only,252,77,1.1,2.24,28.0,23.2,16.0,20.0,8.0,141.0,138.5,0.4095,0.042,1.0999999999999999,0.983,220.0,109.99999999999999
luk,105,106,cap_or_modifier_only,252,77,1.1,2.24,28.0,23.2,16.0,20.0,8.0,141.2,138.7,0.4125,0.042,1.0999999999999999,0.983,220.0,109.99999999999999
luk,110,109,cap_or_modifier_only,252,77,1.1,2.24,28.0,23.2,16.0,20.0,8.0,141.8,139.3,0.4215,0.042,1.0999999999999999,0.983,220.0,109.99999999999999
luk,110,110,cap_or_modifier_only,252,77,1.1,2.24,28.0,23.2,16.0,20.0,8.0,142.0,139.5,0.4265,0.044,1.0999999999999999,0.983,220.0,109.99999999999999
luk,110,111,cap_or_modifier_only,252,77,1.1,2.24,28.0,23.2,16.0,20.0,8.0,142.2,139.7,0.4295,0.044,1.0999999999999999,0.983,220.0,109.99999999999999
luk,115,114,cap_or_modifier_only,252,77,1.1,2.24,28.0,23.2,16.0,20.0,8.0,142.8,140.3,0.4385,0.044,1.0999999999999999,0.983,220.0,109.99999999999999
luk,115,115,cap_or_modifier_only,252,77,1.1,2.24,28.0,23.2,16.0,20.0,8.0,143.0,140.5,0.4435,0.046,1.0999999999999999,0.983,220.0,109.99999999999999
luk,115,116,cap_or_modifier_only,252,77,1.1,2.24,28.0,23.2,16.0,20.0,8.0,143.2,140.7,0.4465,0.046,1.0999999999999999,0.983,220.0,109.99999999999999
luk,120,119,cap_or_modifier_only,252,77,1.1,2.24,28.0,23.2,16.0,20.0,8.0,143.8,141.3,0.45549999999999996,0.046,1.0999999999999999,0.983,220.0,109.99999999999999
luk,120,120,cap_or_modifier_only,252,77,1.1,2.24,28.0,23.2,16.0,20.0,8.0,144.0,141.5,0.46049999999999996,0.048,1.0999999999999999,0.983,220.0,109.99999999999999
luk,120,120,cap_or_modifier_only,252,77,1.1,2.24,28.0,23.2,16.0,20.0,8.0,144.0,141.5,0.46049999999999996,0.048,1.0999999999999999,0.983,220.0,109.99999999999999
