role,level,pattern,stat,permanent,cost,gain_per_point_max_hp,gain_per_point_max_sp,gain_per_point_hp_regen,gain_per_point_sp_regen,gain_per_point_melee_attack,gain_per_point_precision_attack,gain_per_point_magic_attack,gain_per_point_physical_defense,gain_per_point_magic_defense,gain_per_point_hit_rating,gain_per_point_flee_rating,gain_per_point_crit_chance,gain_per_point_crit_resistance,gain_per_point_attacks_per_second,gain_per_point_variable_cast_multiplier,gain_per_point_move_speed,gain_per_point_attack_speed_index
melee,5,concentrated,str,25,4,0.0,0.0,0.0,0.0,0.5,0.09999999999999964,0.0,0.125,0.0,0.0,0.0,0.0,0.0,0.0,0.0,0.0,0.0
melee,5,concentrated,agi,5,2,0.0,0.0,0.0,0.0,0.0,0.0,0.0,0.0,0.0,0.0,0.75,0.0,0.0,0.007500000000000062,0.0,0.0,0.7500000000000071
melee,5,concentrated,vit,8,2,5.0,0.0,0.02499999999999991,0.0,0.0,0.0,0.0,1.0,0.25,0.0,0.0,0.0,0.0,0.0,0.0,0.0,0.0
melee,5,concentrated,int,2,2,0.0,2.5,0.0,0.05999999999999983,0.0,0.0,1.0,0.0,1.0,0.0,0.0,0.0,0.0,0.0,-0.0005000000000000004,0.0,0.0
melee,5,concentrated,dex,5,2,0.0,0.0,0.0,0.0,0.20000000000000284,1.0,0.1999999999999993,0.0,0.0,1.0,0.0,0.0002500000000000002,0.0,0.0025000000000000577,-0.0015000000000000013,0.0,0.2500000000000071
melee,5,concentrated,luk,2,2,0.0,0.0,0.0,0.0,0.0,0.0,0.0,0.0,0.0,0.09999999999999432,0.09999999999999432,0.0015000000000000013,0.0,0.0,0.0,0.0,0.0
melee,5,two,str,21,4,0.0,0.0,0.0,0.0,0.5,0.10000000000000053,0.0,0.125,0.0,0.0,0.0,0.0,0.0,0.0,0.0,0.0,0.0
melee,5,two,agi,5,2,0.0,0.0,0.0,0.0,0.0,0.0,0.0,0.0,0.0,0.0,0.75,0.0,0.0,0.007500000000000062,0.0,0.0,0.7500000000000071
melee,5,two,vit,14,3,3.3333333333333335,0.0,0.08333333333333333,0.0,0.0,0.0,0.0,0.6666666666666666,0.16666666666666666,0.0,0.0,0.0,0.0,0.0,0.0,0.0,0.0
melee,5,two,int,2,2,0.0,2.5,0.0,0.05999999999999983,0.0,0.0,1.0,0.0,1.0,0.0,0.0,0.0,0.0,0.0,-0.0005000000000000004,0.0,0.0
melee,5,two,dex,5,2,0.0,0.0,0.0,0.0,0.1999999999999993,1.0,0.1999999999999993,0.0,0.0,1.0,0.0,0.0002500000000000002,0.0,0.0025000000000000577,-0.0015000000000000013,0.0,0.2500000000000071
melee,5,two,luk,2,2,0.0,0.0,0.0,0.0,0.0,0.0,0.0,0.0,0.0,0.09999999999999432,0.09999999999999432,0.0015000000000000013,0.0,0.0,0.0,0.0,0.0
melee,5,splash_three,str,22,4,0.0,0.0,0.0,0.0,0.5,0.10000000000000142,0.0,0.125,0.0,0.0,0.0,0.0,0.0,0.0,0.0,0.0,0.0
melee,5,splash_three,agi,5,2,0.0,0.0,0.0,0.0,0.0,0.0,0.0,0.0,0.0,0.0,0.75,0.0,0.0,0.007500000000000062,0.0,0.0,0.7500000000000071
melee,5,splash_three,vit,12,3,3.3333333333333335,0.0,0.016666666666666607,0.0,0.0,0.0,0.0,0.6666666666666666,0.16666666666666666,0.0,0.0,0.0,0.0,0.0,0.0,0.0,0.0
melee,5,splash_three,int,2,2,0.0,2.5,0.0,0.05999999999999983,0.0,0.0,1.0,0.0,1.0,0.0,0.0,0.0,0.0,0.0,-0.0005000000000000004,0.0,0.0
melee,5,splash_three,dex,7,2,0.0,0.0,0.0,0.0,0.20000000000000284,1.0,0.1999999999999993,0.0,0.0,1.0,0.0,0.00024999999999999675,0.0,0.0025000000000000577,-0.0015000000000000013,0.0,0.2500000000000071
melee,5,splash_three,luk,2,2,0.0,0.0,0.0,0.0,0.0,0.0,0.0,0.0,0.0,0.09999999999999432,0.09999999999999432,0.0014999999999999979,0.0,0.0,0.0,0.0,0.0
melee,5,splash_four,str,21,4,0.0,0.0,0.0,0.0,0.5,0.09999999999999964,0.0,0.125,0.0,0.0,0.0,0.0,0.0,0.0,0.0,0.0,0.0
melee,5,splash_four,agi,7,2,0.0,0.0,0.0,0.0,0.0,0.0,0.0,0.0,0.0,0.0,0.75,0.0,0.0,0.007500000000000062,0.0,0.0,0.7500000000000071
melee,5,splash_four,vit,12,3,3.3333333333333335,0.0,0.016666666666666607,0.0,0.0,0.0,0.0,0.6666666666666666,0.16666666666666666,0.0,0.0,0.0,0.0,0.0,0.0,0.0,0.0
melee,5,splash_four,int,2,2,0.0,2.5,0.0,0.05999999999999983,0.0,0.0,1.0,0.0,1.0,0.0,0.0,0.0,0.0,0.0,-0.0005000000000000004,0.0,0.0
melee,5,splash_four,dex,7,2,0.0,0.0,0.0,0.0,0.20000000000000284,1.0,0.1999999999999993,0.0,0.0,1.0,0.0,0.00024999999999999675,0.0,0.0025000000000000577,-0.0015000000000000013,0.0,0.2500000000000071
melee,5,splash_four,luk,2,2,0.0,0.0,0.0,0.0,0.0,0.0,0.0,0.0,0.0,0.09999999999999432,0.09999999999999432,0.0014999999999999979,0.0,0.0,0.0,0.0,0.0
melee,5,balanced,str,13,3,0.0,0.0,0.0,0.0,0.6666666666666666,0.13333333333333286,0.0,0.16666666666666666,0.0,0.0,0.0,0.0,0.0,0.0,0.0,0.0,0.0
melee,5,balanced,agi,9,2,0.0,0.0,0.0,0.0,0.0,0.0,0.0,0.0,0.0,0.0,1.75,0.0,0.0,0.01749999999999996,0.0,0.0,1.749999999999993
melee,5,balanced,vit,12,3,3.3333333333333335,0.0,0.016666666666666607,0.0,0.0,0.0,0.0,0.6666666666666666,0.16666666666666666,0.0,0.0,0.0,0.0,0.0,0.0,0.0,0.0
melee,5,balanced,int,6,2,0.0,2.5,0.0,0.06000000000000005,0.0,0.0,1.125,0.0,1.0,0.0,0.0,0.0,0.0,0.0,-0.0005000000000000004,0.0,0.0
melee,5,balanced,dex,9,2,0.0,0.0,0.0,0.0,0.1999999999999993,1.5,0.1999999999999993,0.0,0.0,1.999999999999993,0.0,0.0002500000000000002,0.0,0.0025000000000000577,-0.006500000000000006,0.0,0.25
melee,5,balanced,luk,6,2,0.0,0.0,0.0,0.0,0.0,0.0,0.0,0.0,0.0,0.10000000000000142,0.10000000000000142,0.0015000000000000013,0.0,0.0,0.0,0.0,0.0
melee,10,concentrated,str,40,5,0.0,0.0,0.0,0.0,0.4,0.08000000000000114,0.0,0.1,0.0,0.0,0.0,0.0,0.0,0.0,0.0,0.0,0.0
melee,10,concentrated,agi,5,2,0.0,0.0,0.0,0.0,0.0,0.0,0.0,0.0,0.0,0.0,0.75,0.0,0.0,0.007500000000000062,0.0,0.0,0.7500000000000071
melee,10,concentrated,vit,8,2,5.0,0.0,0.02499999999999991,0.0,0.0,0.0,0.0,1.0,0.25,0.0,0.0,0.0,0.0,0.0,0.0,0.0,0.0
melee,10,concentrated,int,2,2,0.0,2.5,0.0,0.05999999999999983,0.0,0.0,1.0,0.0,1.0,0.0,0.0,0.0,0.0,0.0,-0.0005000000000000004,0.0,0.0
melee,10,concentrated,dex,5,2,0.0,0.0,0.0,0.0,0.20000000000000284,1.0,0.1999999999999993,0.0,0.0,1.0,0.0,0.0002500000000000002,0.0,0.0025000000000000577,-0.0015000000000000013,0.0,0.2500000000000071
melee,10,concentrated,luk,2,2,0.0,0.0,0.0,0.0,0.0,0.0,0.0,0.0,0.0,0.09999999999999432,0.09999999999999432,0.0015000000000000013,0.0,0.0,0.0,0.0,0.0
melee,10,two,str,34,5,0.0,0.0,0.0,0.0,0.4,0.07999999999999971,0.0,0.1,0.0,0.0,0.0,0.0,0.0,0.0,0.0,0.0,0.0
melee,10,two,agi,5,2,0.0,0.0,0.0,0.0,0.0,0.0,0.0,0.0,0.0,0.0,0.75,0.0,0.0,0.007500000000000062,0.0,0.0,0.7500000000000071
melee,10,two,vit,20,3,3.3333333333333335,0.0,0.016666666666666757,0.0,0.0,0.0,0.0,0.6666666666666666,0.16666666666666666,0.0,0.0,0.0,0.0,0.0,0.0,0.0,0.0
melee,10,two,int,2,2,0.0,2.5,0.0,0.05999999999999983,0.0,0.0,1.0,0.0,1.0,0.0,0.0,0.0,0.0,0.0,-0.0005000000000000004,0.0,0.0
melee,10,two,dex,5,2,0.0,0.0,0.0,0.0,0.20000000000000284,1.0,0.1999999999999993,0.0,0.0,1.0,0.0,0.0002500000000000002,0.0,0.0025000000000000577,-0.0015000000000000013,0.0,0.2500000000000071
melee,10,two,luk,2,2,0.0,0.0,0.0,0.0,0.0,0.0,0.0,0.0,0.0,0.09999999999999432,0.09999999999999432,0.0015000000000000013,0.0,0.0,0.0,0.0,0.0
melee,10,splash_three,str,34,5,0.0,0.0,0.0,0.0,0.4,0.07999999999999971,0.0,0.1,0.0,0.0,0.0,0.0,0.0,0.0,0.0,0.0,0.0
melee,10,splash_three,agi,5,2,0.0,0.0,0.0,0.0,0.0,0.0,0.0,0.0,0.0,0.0,0.75,0.0,0.0,0.007500000000000062,0.0,0.0,0.7500000000000071
melee,10,splash_three,vit,17,3,3.3333333333333335,0.0,0.016666666666666607,0.0,0.0,0.0,0.0,0.6666666666666666,0.16666666666666666,0.0,0.0,0.0,0.0,0.0,0.0,0.0,0.0
melee,10,splash_three,int,2,2,0.0,2.5,0.0,0.05999999999999983,0.0,0.0,1.0,0.0,1.0,0.0,0.0,0.0,0.0,0.0,-0.0005000000000000004,0.0,0.0
melee,10,splash_three,dex,9,2,0.0,0.0,0.0,0.0,0.20000000000000284,1.5,0.1999999999999993,0.0,0.0,2.0,0.0,0.0002500000000000002,0.0,0.0025000000000000577,-0.006500000000000006,0.0,0.2500000000000071
melee,10,splash_three,luk,2,2,0.0,0.0,0.0,0.0,0.0,0.0,0.0,0.0,0.0,0.09999999999999432,0.09999999999999432,0.0015000000000000013,0.0,0.0,0.0,0.0,0.0
melee,10,splash_four,str,33,5,0.0,0.0,0.0,0.0,0.4,0.07999999999999971,0.0,0.1,0.0,0.0,0.0,0.0,0.0,0.0,0.0,0.0,0.0
melee,10,splash_four,agi,9,2,0.0,0.0,0.0,0.0,0.0,0.0,0.0,0.0,0.0,0.0,1.75,0.0,0.0,0.01749999999999996,0.0,0.0,1.749999999999993
melee,10,splash_four,vit,16,3,3.3333333333333335,0.0,0.01666666666666668,0.0,0.0,0.0,0.0,0.6666666666666666,0.16666666666666666,0.0,0.0,0.0,0.0,0.0,0.0,0.0,0.0
melee,10,splash_four,int,2,2,0.0,2.5,0.0,0.05999999999999983,0.0,0.0,1.0,0.0,1.0,0.0,0.0,0.0,0.0,0.0,-0.0005000000000000004,0.0,0.0
melee,10,splash_four,dex,9,2,0.0,0.0,0.0,0.0,0.20000000000000284,1.5,0.1999999999999993,0.0,0.0,2.0,0.0,0.0002500000000000002,0.0,0.0025000000000000577,-0.006500000000000006,0.0,0.25
melee,10,splash_four,luk,2,2,0.0,0.0,0.0,0.0,0.0,0.0,0.0,0.0,0.0,0.09999999999999432,0.09999999999999432,0.0015000000000000013,0.0,0.0,0.0,0.0,0.0
melee,10,balanced,str,17,3,0.0,0.0,0.0,0.0,0.6666666666666666,0.13333333333333522,0.0,0.16666666666666666,0.0,0.0,0.0,0.0,0.0,0.0,0.0,0.0,0.0
melee,10,balanced,agi,14,3,0.0,0.0,0.0,0.0,0.0,0.0,0.0,0.0,0.0,0.0,0.5,0.0,0.0,0.005000000000000042,0.0,0.0,0.5000000000000094
melee,10,balanced,vit,17,3,3.3333333333333335,0.0,0.016666666666666607,0.0,0.0,0.0,0.0,0.6666666666666666,0.16666666666666666,0.0,0.0,0.0,0.0,0.0,0.0,0.0,0.0
melee,10,balanced,int,11,3,0.0,1.6666666666666667,0.0,0.10666666666666662,0.0,0.0,0.6666666666666666,0.0,0.6666666666666666,0.0,0.0,0.0,0.0,0.0,-0.00033333333333333365,0.0,0.0
melee,10,balanced,dex,14,3,0.0,0.0,0.0,0.0,0.13333333333333286,0.6666666666666666,0.13333333333333286,0.0,0.0,0.6666666666666666,0.0,0.0001666666666666622,0.0,0.0016666666666666312,-0.0010000000000000009,0.0,0.16666666666666666
melee,10,balanced,luk,10,2,0.0,0.0,0.0,0.0,0.0,0.0,0.0,0.0,0.0,0.09999999999999432,0.09999999999999432,0.0015000000000000013,0.0,0.0,0.0,0.0,0.0
melee,15,concentrated,str,53,7,0.0,0.0,0.0,0.0,0.2857142857142857,0.05714285714285694,0.0,0.07142857142857142,0.0,0.0,0.0,0.0,0.0,0.0,0.0,0.0,0.0
melee,15,concentrated,agi,5,2,0.0,0.0,0.0,0.0,0.0,0.0,0.0,0.0,0.0,0.0,0.75,0.0,0.0,0.007500000000000062,0.0,0.0,0.7500000000000071
melee,15,concentrated,vit,8,2,5.0,0.0,0.02499999999999991,0.0,0.0,0.0,0.0,1.0,0.25,0.0,0.0,0.0,0.0,0.0,0.0,0.0,0.0
melee,15,concentrated,int,2,2,0.0,2.5,0.0,0.05999999999999983,0.0,0.0,1.0,0.0,1.0,0.0,0.0,0.0,0.0,0.0,-0.0005000000000000004,0.0,0.0
melee,15,concentrated,dex,5,2,0.0,0.0,0.0,0.0,0.20000000000000284,1.0,0.1999999999999993,0.0,0.0,1.0,0.0,0.0002500000000000002,0.0,0.0025000000000000577,-0.0015000000000000013,0.0,0.2500000000000071
melee,15,concentrated,luk,2,2,0.0,0.0,0.0,0.0,0.0,0.0,0.0,0.0,0.0,0.09999999999999432,0.09999999999999432,0.0015000000000000013,0.0,0.0,0.0,0.0,0.0
melee,15,two,str,45,6,0.0,0.0,0.0,0.0,0.3333333333333333,0.06666666666666761,0.0,0.08333333333333333,0.0,0.0,0.0,0.0,0.0,0.0,0.0,0.0,0.0
melee,15,two,agi,5,2,0.0,0.0,0.0,0.0,0.0,0.0,0.0,0.0,0.0,0.0,0.75,0.0,0.0,0.007500000000000062,0.0,0.0,0.7500000000000071
melee,15,two,vit,24,4,2.5,0.0,0.0625,0.0,0.0,0.0,0.0,0.5,0.125,0.0,0.0,0.0,0.0,0.0,0.0,0.0,0.0
melee,15,two,int,2,2,0.0,2.5,0.0,0.05999999999999983,0.0,0.0,1.0,0.0,1.0,0.0,0.0,0.0,0.0,0.0,-0.0005000000000000004,0.0,0.0
melee,15,two,dex,5,2,0.0,0.0,0.0,0.0,0.20000000000000284,1.0,0.1999999999999993,0.0,0.0,1.0,0.0,0.0002500000000000002,0.0,0.0025000000000000577,-0.0015000000000000013,0.0,0.2500000000000071
melee,15,two,luk,2,2,0.0,0.0,0.0,0.0,0.0,0.0,0.0,0.0,0.0,0.09999999999999432,0.09999999999999432,0.0015000000000000013,0.0,0.0,0.0,0.0,0.0
melee,15,splash_three,str,46,6,0.0,0.0,0.0,0.0,0.3333333333333333,0.06666666666666525,0.0,0.08333333333333333,0.0,0.0,0.0,0.0,0.0,0.0,0.0,0.0,0.0
melee,15,splash_three,agi,5,2,0.0,0.0,0.0,0.0,0.0,0.0,0.0,0.0,0.0,0.0,0.75,0.0,0.0,0.007500000000000062,0.0,0.0,0.7500000000000071
melee,15,splash_three,vit,19,3,10.0,0.0,0.08333333333333319,0.0,0.0,0.0,0.0,1.3333333333333333,0.16666666666666666,0.0,0.0,0.0,0.0,0.0,0.0,0.0,0.0
melee,15,splash_three,int,2,2,0.0,2.5,0.0,0.05999999999999983,0.0,0.0,1.0,0.0,1.0,0.0,0.0,0.0,0.0,0.0,-0.0005000000000000004,0.0,0.0
melee,15,splash_three,dex,11,3,0.0,0.0,0.0,0.0,0.1333333333333305,0.6666666666666666,0.13333333333333405,0.0,0.0,0.6666666666666666,0.0,0.00016666666666666682,0.0,0.0016666666666667052,-0.0010000000000000009,0.0,0.1666666666666714
melee,15,splash_three,luk,2,2,0.0,0.0,0.0,0.0,0.0,0.0,0.0,0.0,0.0,0.09999999999999432,0.09999999999999432,0.0015000000000000013,0.0,0.0,0.0,0.0,0.0
melee,15,splash_four,str,43,6,0.0,0.0,0.0,0.0,0.3333333333333333,0.06666666666666643,0.0,0.08333333333333333,0.0,0.0,0.0,0.0,0.0,0.0,0.0,0.0,0.0
melee,15,splash_four,agi,11,3,0.0,0.0,0.0,0.0,0.0,0.0,0.0,0.0,0.0,0.0,0.5,0.0,0.0,0.004999999999999967,0.0,0.0,0.4999999999999953
melee,15,splash_four,vit,21,4,2.5,0.0,0.012500000000000067,0.0,0.0,0.0,0.0,0.5,0.125,0.0,0.0,0.0,0.0,0.0,0.0,0.0,0.0
melee,15,splash_four,int,2,2,0.0,2.5,0.0,0.05999999999999983,0.0,0.0,1.0,0.0,1.0,0.0,0.0,0.0,0.0,0.0,-0.0005000000000000004,0.0,0.0
melee,15,splash_four,dex,11,3,0.0,0.0,0.0,0.0,0.1333333333333305,0.6666666666666666,0.13333333333333405,0.0,0.0,0.6666666666666666,0.0,0.00016666666666666682,0.0,0.0016666666666667052,-0.0010000000000000009,0.0,0.1666666666666714
melee,15,splash_four,luk,2,2,0.0,0.0,0.0,0.0,0.0,0.0,0.0,0.0,0.0,0.09999999999999432,0.09999999999999432,0.0015000000000000013,0.0,0.0,0.0,0.0,0.0
melee,15,balanced,str,21,4,0.0,0.0,0.0,0.0,0.5,0.09999999999999964,0.0,0.125,0.0,0.0,0.0,0.0,0.0,0.0,0.0,0.0,0.0
melee,15,balanced,agi,18,3,0.0,0.0,0.0,0.0,0.0,0.0,0.0,0.0,0.0,0.0,0.5,0.0,0.0,0.004999999999999967,0.0,0.0,0.5
melee,15,balanced,vit,21,4,2.5,0.0,0.012500000000000067,0.0,0.0,0.0,0.0,0.5,0.125,0.0,0.0,0.0,0.0,0.0,0.0,0.0,0.0
melee,15,balanced,int,15,3,0.0,1.6666666666666667,0.0,0.040000000000000036,0.0,0.0,0.6666666666666666,0.0,0.6666666666666666,0.0,0.0,0.0,0.0,0.0,-0.00033333333333333365,0.0,0.0
melee,15,balanced,dex,18,3,0.0,0.0,0.0,0.0,0.13333333333333286,0.6666666666666666,0.13333333333333286,0.0,0.0,0.6666666666666666,0.0,0.0001666666666666622,0.0,0.0016666666666666312,-0.0010000000000000009,0.0,0.16666666666666666
melee,15,balanced,luk,15,3,0.0,0.0,0.0,0.0,0.0,0.0,0.0,0.0,0.0,0.06666666666666288,0.06666666666666288,0.0010000000000000009,0.0,0.0,0.0,0.0,0.0
melee,20,concentrated,agi,5,2,0.0,0.0,0.0,0.0,0.0,0.0,0.0,0.0,0.0,0.0,0.75,0.0,0.0,0.007500000000000062,0.0,0.0,0.7500000000000071
melee,20,concentrated,vit,8,2,5.0,0.0,0.02499999999999991,0.0,0.0,0.0,0.0,1.0,0.25,0.0,0.0,0.0,0.0,0.0,0.0,0.0,0.0
melee,20,concentrated,int,2,2,0.0,2.5,0.0,0.05999999999999983,0.0,0.0,1.0,0.0,1.0,0.0,0.0,0.0,0.0,0.0,-0.0005000000000000004,0.0,0.0
melee,20,concentrated,dex,5,2,0.0,0.0,0.0,0.0,0.20000000000000284,1.0,0.1999999999999993,0.0,0.0,1.0,0.0,0.0002500000000000002,0.0,0.0025000000000000577,-0.0015000000000000013,0.0,0.2500000000000071
melee,20,concentrated,luk,2,2,0.0,0.0,0.0,0.0,0.0,0.0,0.0,0.0,0.0,0.09999999999999432,0.09999999999999432,0.0015000000000000013,0.0,0.0,0.0,0.0,0.0
melee,20,two,str,55,7,0.0,0.0,0.0,0.0,0.2857142857142857,0.05714285714285795,0.0,0.07142857142857142,0.0,0.0,0.0,0.0,0.0,0.0,0.0,0.0,0.0
melee,20,two,agi,5,2,0.0,0.0,0.0,0.0,0.0,0.0,0.0,0.0,0.0,0.0,0.75,0.0,0.0,0.007500000000000062,0.0,0.0,0.7500000000000071
melee,20,two,vit,28,4,2.5,0.0,0.012499999999999956,0.0,0.0,0.0,0.0,0.5,0.125,0.0,0.0,0.0,0.0,0.0,0.0,0.0,0.0
melee,20,two,int,2,2,0.0,2.5,0.0,0.05999999999999983,0.0,0.0,1.0,0.0,1.0,0.0,0.0,0.0,0.0,0.0,-0.0005000000000000004,0.0,0.0
melee,20,two,dex,5,2,0.0,0.0,0.0,0.0,0.20000000000000284,1.0,0.1999999999999993,0.0,0.0,1.0,0.0,0.0002500000000000002,0.0,0.0025000000000000577,-0.0015000000000000013,0.0,0.2500000000000071
melee,20,two,luk,2,2,0.0,0.0,0.0,0.0,0.0,0.0,0.0,0.0,0.0,0.09999999999999432,0.09999999999999432,0.0015000000000000013,0.0,0.0,0.0,0.0,0.0
melee,20,splash_three,str,56,7,0.0,0.0,0.0,0.0,0.2857142857142857,0.05714285714285593,0.0,0.07142857142857142,0.0,0.0,0.0,0.0,0.0,0.0,0.0,0.0,0.0
melee,20,splash_three,agi,5,2,0.0,0.0,0.0,0.0,0.0,0.0,0.0,0.0,0.0,0.0,0.75,0.0,0.0,0.007500000000000062,0.0,0.0,0.7500000000000071
melee,20,splash_three,vit,23,4,2.5,0.0,0.012499999999999956,0.0,0.0,0.0,0.0,0.5,0.125,0.0,0.0,0.0,0.0,0.0,0.0,0.0,0.0
melee,20,splash_three,int,2,2,0.0,2.5,0.0,0.05999999999999983,0.0,0.0,1.0,0.0,1.0,0.0,0.0,0.0,0.0,0.0,-0.0005000000000000004,0.0,0.0
melee,20,splash_three,dex,12,3,0.0,0.0,0.0,0.0,0.13333333333332575,0.6666666666666666,0.13333333333333286,0.0,0.0,0.6666666666666666,0.0,0.00016666666666666682,0.0,0.0016666666666666312,-0.0010000000000000009,0.0,0.16666666666666194
melee,20,splash_three,luk,2,2,0.0,0.0,0.0,0.0,0.0,0.0,0.0,0.0,0.0,0.09999999999999432,0.09999999999999432,0.0015000000000000013,0.0,0.0,0.0,0.0,0.0
melee,20,splash_four,str,53,7,0.0,0.0,0.0,0.0,0.2857142857142857,0.05714285714285694,0.0,0.07142857142857142,0.0,0.0,0.0,0.0,0.0,0.0,0.0,0.0,0.0
melee,20,splash_four,agi,13,3,0.0,0.0,0.0,0.0,0.0,0.0,0.0,0.0,0.0,0.0,0.5,0.0,0.0,0.004999999999999967,0.0,0.0,0.5
melee,20,splash_four,vit,23,4,2.5,0.0,0.012499999999999956,0.0,0.0,0.0,0.0,0.5,0.125,0.0,0.0,0.0,0.0,0.0,0.0,0.0,0.0
melee,20,splash_four,int,2,2,0.0,2.5,0.0,0.05999999999999983,0.0,0.0,1.0,0.0,1.0,0.0,0.0,0.0,0.0,0.0,-0.0005000000000000004,0.0,0.0
melee,20,splash_four,dex,13,3,0.0,0.0,0.0,0.0,0.13333333333333522,0.6666666666666666,0.13333333333333405,0.0,0.0,0.6666666666666666,0.0,0.00016666666666666682,0.0,0.0016666666666667052,-0.0010000000000000009,0.0,0.16666666666666666
melee,20,splash_four,luk,2,2,0.0,0.0,0.0,0.0,0.0,0.0,0.0,0.0,0.0,0.09999999999999432,0.09999999999999432,0.0015000000000000013,0.0,0.0,0.0,0.0,0.0
melee,20,balanced,str,25,4,0.0,0.0,0.0,0.0,0.5,0.10000000000000142,0.0,0.125,0.0,0.0,0.0,0.0,0.0,0.0,0.0,0.0,0.0
melee,20,balanced,agi,22,4,0.0,0.0,0.0,0.0,0.0,0.0,0.0,0.0,0.0,0.0,0.375,0.0,0.0,0.0037499999999999756,0.0,0.0,0.3749999999999929
melee,20,balanced,vit,25,4,2.5,0.0,0.012499999999999956,0.0,0.0,0.0,0.0,0.5,0.125,0.0,0.0,0.0,0.0,0.0,0.0,0.0,0.0
melee,20,balanced,int,19,3,0.0,3.3333333333333335,0.0,0.040000000000000334,0.0,0.0,1.25,0.0,1.3333333333333333,0.0,0.0,0.0,0.0,0.0,-0.00033333333333333365,0.0,0.0
melee,20,balanced,dex,22,4,0.0,0.0,0.0,0.0,0.10000000000000142,0.5,0.10000000000000142,0.0,0.0,0.5,0.0,0.0001250000000000001,0.0,0.0012499999999999734,-0.0007499999999999729,0.0,0.1249999999999929
melee,20,balanced,luk,19,3,0.0,0.0,0.0,0.0,0.0,0.0,0.0,0.0,0.0,0.06666666666666288,0.06666666666666288,0.0016666666666666635,0.0006666666666666666,0.0,0.0,0.0,0.0
melee,30,concentrated,agi,5,2,0.0,0.0,0.0,0.0,0.0,0.0,0.0,0.0,0.0,0.0,0.75,0.0,0.0,0.007500000000000062,0.0,0.0,0.7500000000000071
melee,30,concentrated,vit,8,2,5.0,0.0,0.02499999999999991,0.0,0.0,0.0,0.0,1.0,0.25,0.0,0.0,0.0,0.0,0.0,0.0,0.0,0.0
melee,30,concentrated,int,2,2,0.0,2.5,0.0,0.05999999999999983,0.0,0.0,1.0,0.0,1.0,0.0,0.0,0.0,0.0,0.0,-0.0005000000000000004,0.0,0.0
melee,30,concentrated,dex,5,2,0.0,0.0,0.0,0.0,0.20000000000000284,1.0,0.1999999999999993,0.0,0.0,1.0,0.0,0.0002500000000000002,0.0,0.0025000000000000577,-0.0015000000000000013,0.0,0.2500000000000071
melee,30,concentrated,luk,2,2,0.0,0.0,0.0,0.0,0.0,0.0,0.0,0.0,0.0,0.09999999999999432,0.09999999999999432,0.0015000000000000013,0.0,0.0,0.0,0.0,0.0
melee,30,two,agi,5,2,0.0,0.0,0.0,0.0,0.0,0.0,0.0,0.0,0.0,0.0,0.75,0.0,0.0,0.007500000000000062,0.0,0.0,0.7500000000000071
melee,30,two,vit,54,7,1.4285714285714286,0.0,0.03571428571428571,0.0,0.0,0.0,0.0,0.2857142857142857,0.07142857142857142,0.0,0.0,0.0,0.0,0.0,0.0,0.0,0.0
melee,30,two,int,2,2,0.0,2.5,0.0,0.05999999999999983,0.0,0.0,1.0,0.0,1.0,0.0,0.0,0.0,0.0,0.0,-0.0005000000000000004,0.0,0.0
melee,30,two,dex,5,2,0.0,0.0,0.0,0.0,0.20000000000000284,1.0,0.1999999999999993,0.0,0.0,1.0,0.0,0.0002500000000000002,0.0,0.0025000000000000577,-0.0015000000000000013,0.0,0.2500000000000071
melee,30,two,luk,2,2,0.0,0.0,0.0,0.0,0.0,0.0,0.0,0.0,0.0,0.09999999999999432,0.09999999999999432,0.0015000000000000013,0.0,0.0,0.0,0.0,0.0
melee,30,splash_three,agi,5,2,0.0,0.0,0.0,0.0,0.0,0.0,0.0,0.0,0.0,0.0,0.75,0.0,0.0,0.007500000000000062,0.0,0.0,0.7500000000000071
melee,30,splash_three,vit,45,6,1.6666666666666667,0.0,0.008333333333333451,0.0,0.0,0.0,0.0,0.3333333333333333,0.08333333333333333,0.0,0.0,0.0,0.0,0.0,0.0,0.0,0.0
melee,30,splash_three,int,2,2,0.0,2.5,0.0,0.05999999999999983,0.0,0.0,1.0,0.0,1.0,0.0,0.0,0.0,0.0,0.0,-0.0005000000000000004,0.0,0.0
melee,30,splash_three,dex,25,4,0.0,0.0,0.0,0.0,0.10000000000000142,0.5,0.09999999999999964,0.0,0.0,0.5,0.0,0.0001250000000000001,0.0,0.0012500000000000289,-0.0007500000000000007,0.0,0.125
melee,30,splash_three,luk,2,2,0.0,0.0,0.0,0.0,0.0,0.0,0.0,0.0,0.0,0.09999999999999432,0.09999999999999432,0.0015000000000000013,0.0,0.0,0.0,0.0,0.0
melee,30,splash_four,agi,21,4,0.0,0.0,0.0,0.0,0.0,0.0,0.0,0.0,0.0,0.0,0.375,0.0,0.0,0.003750000000000031,0.0,0.0,0.3750000000000071
melee,30,splash_four,vit,40,5,2.0,0.0,0.010000000000000142,0.0,0.0,0.0,0.0,0.4,0.1,0.0,0.0,0.0,0.0,0.0,0.0,0.0,0.0
melee,30,splash_four,int,2,2,0.0,2.5,0.0,0.05999999999999983,0.0,0.0,1.0,0.0,1.0,0.0,0.0,0.0,0.0,0.0,-0.0005000000000000004,0.0,0.0
melee,30,splash_four,dex,22,4,0.0,0.0,0.0,0.0,0.09999999999999432,0.5,0.10000000000000053,0.0,0.0,0.5,0.0,0.0001250000000000001,0.0,0.0012499999999999734,-0.0007499999999999729,0.0,0.125
melee,30,splash_four,luk,2,2,0.0,0.0,0.0,0.0,0.0,0.0,0.0,0.0,0.0,0.09999999999999432,0.09999999999999432,0.0015000000000000013,0.0,0.0,0.0,0.0,0.0
melee,30,balanced,str,33,5,0.0,0.0,0.0,0.0,0.4,0.0799999999999983,0.0,0.1,0.0,0.0,0.0,0.0,0.0,0.0,0.0,0.0,0.0
melee,30,balanced,agi,30,4,0.0,0.0,0.0,0.0,0.0,0.0,0.0,0.0,0.0,0.0,0.375,0.0,0.0,0.0037499999999999756,0.0,0.0,0.375
melee,30,balanced,vit,32,5,2.0,0.0,0.010000000000000054,0.0,0.0,0.0,0.0,0.4,0.1,0.0,0.0,0.0,0.0,0.0,0.0,0.0,0.0
melee,30,balanced,int,26,4,0.0,1.25,0.0,0.030000000000000027,0.0,0.0,0.5,0.0,0.5,0.0,0.0,0.0,0.0,0.0,-0.0002500000000000002,0.0,0.0
melee,30,balanced,dex,29,4,0.0,0.0,0.0,0.0,0.10000000000000142,1.75,0.10000000000000142,0.0,0.0,1.0,0.0,0.0001250000000000001,0.0,0.0012499999999999734,-0.003250000000000003,0.0,0.125
melee,30,balanced,luk,26,4,0.0,0.0,0.0,0.0,0.0,0.0,0.0,0.0,0.0,0.05000000000000426,0.05000000000000426,0.0007500000000000007,0.0,0.0,0.0,0.0,0.0
mage,5,concentrated,str,2,2,0.0,0.0,0.0,0.0,1.0,0.1999999999999993,0.0,0.25,0.0,0.0,0.0,0.0,0.0,0.0,0.0,0.0,0.0
mage,5,concentrated,agi,5,2,0.0,0.0,0.0,0.0,0.0,0.0,0.0,0.0,0.0,0.0,0.75,0.0,0.0,0.007500000000000062,0.0,0.0,0.7500000000000071
mage,5,concentrated,vit,5,2,5.0,0.0,0.025000000000000022,0.0,0.0,0.0,0.0,1.0,0.25,0.0,0.0,0.0,0.0,0.0,0.0,0.0,0.0
mage,5,concentrated,int,25,4,0.0,1.25,0.0,0.030000000000000027,0.0,0.0,0.5,0.0,0.5,0.0,0.0,0.0,0.0,0.0,-0.0002500000000000002,0.0,0.0
mage,5,concentrated,dex,7,2,0.0,0.0,0.0,0.0,0.1999999999999993,1.0,0.20000000000000284,0.0,0.0,1.0,0.0,0.00024999999999999675,0.0,0.0025000000000000577,-0.0015000000000000013,0.0,0.2500000000000071
mage,5,concentrated,luk,2,2,0.0,0.0,0.0,0.0,0.0,0.0,0.0,0.0,0.0,0.09999999999999432,0.09999999999999432,0.0014999999999999979,0.0,0.0,0.0,0.0,0.0
mage,5,two,str,2,2,0.0,0.0,0.0,0.0,1.0,0.20000000000000284,0.0,0.25,0.0,0.0,0.0,0.0,0.0,0.0,0.0,0.0,0.0
mage,5,two,agi,5,2,0.0,0.0,0.0,0.0,0.0,0.0,0.0,0.0,0.0,0.0,0.75,0.0,0.0,0.007500000000000062,0.0,0.0,0.7500000000000071
mage,5,two,vit,5,2,5.0,0.0,0.025000000000000022,0.0,0.0,0.0,0.0,1.0,0.25,0.0,0.0,0.0,0.0,0.0,0.0,0.0,0.0
mage,5,two,int,22,4,0.0,1.25,0.0,0.029999999999999805,0.0,0.0,0.5,0.0,0.5,0.0,0.0,0.0,0.0,0.0,-0.0002500000000000002,0.0,0.0
mage,5,two,dex,13,3,0.0,0.0,0.0,0.0,0.13333333333333405,0.6666666666666666,0.1333333333333305,0.0,0.0,0.6666666666666666,0.0,0.00016666666666666682,0.0,0.0016666666666667052,-0.0010000000000000009,0.0,0.1666666666666714
mage,5,two,luk,2,2,0.0,0.0,0.0,0.0,0.0,0.0,0.0,0.0,0.0,0.09999999999999432,0.09999999999999432,0.0015000000000000013,0.0,0.0,0.0,0.0,0.0
mage,5,splash_three,str,2,2,0.0,0.0,0.0,0.0,1.0,0.20000000000000284,0.0,0.25,0.0,0.0,0.0,0.0,0.0,0.0,0.0,0.0,0.0
mage,5,splash_three,agi,5,2,0.0,0.0,0.0,0.0,0.0,0.0,0.0,0.0,0.0,0.0,0.75,0.0,0.0,0.007500000000000062,0.0,0.0,0.7500000000000071
mage,5,splash_three,vit,7,2,5.0,0.0,0.025000000000000022,0.0,0.0,0.0,0.0,1.0,0.25,0.0,0.0,0.0,0.0,0.0,0.0,0.0,0.0
mage,5,splash_three,int,22,4,0.0,1.25,0.0,0.029999999999999805,0.0,0.0,0.5,0.0,0.5,0.0,0.0,0.0,0.0,0.0,-0.0002500000000000002,0.0,0.0
mage,5,splash_three,dex,12,3,0.0,0.0,0.0,0.0,0.13333333333333286,0.6666666666666666,0.13333333333333522,0.0,0.0,0.6666666666666666,0.0,0.00016666666666666682,0.0,0.0016666666666666312,-0.0010000000000000009,0.0,0.16666666666666194
mage,5,splash_three,luk,2,2,0.0,0.0,0.0,0.0,0.0,0.0,0.0,0.0,0.0,0.09999999999999432,0.09999999999999432,0.0015000000000000013,0.0,0.0,0.0,0.0,0.0
mage,5,splash_four,str,2,2,0.0,0.0,0.0,0.0,1.0,0.20000000000000284,0.0,0.25,0.0,0.0,0.0,0.0,0.0,0.0,0.0,0.0,0.0
mage,5,splash_four,agi,7,2,0.0,0.0,0.0,0.0,0.0,0.0,0.0,0.0,0.0,0.0,0.75,0.0,0.0,0.007500000000000062,0.0,0.0,0.7500000000000071
mage,5,splash_four,vit,7,2,5.0,0.0,0.025000000000000022,0.0,0.0,0.0,0.0,1.0,0.25,0.0,0.0,0.0,0.0,0.0,0.0,0.0,0.0
mage,5,splash_four,int,21,4,0.0,1.25,0.0,0.03000000000000025,0.0,0.0,0.5,0.0,0.5,0.0,0.0,0.0,0.0,0.0,-0.0002500000000000002,0.0,0.0
mage,5,splash_four,dex,12,3,0.0,0.0,0.0,0.0,0.13333333333333286,0.6666666666666666,0.13333333333333522,0.0,0.0,0.6666666666666666,0.0,0.00016666666666666682,0.0,0.0016666666666666312,-0.0010000000000000009,0.0,0.16666666666666666
mage,5,splash_four,luk,2,2,0.0,0.0,0.0,0.0,0.0,0.0,0.0,0.0,0.0,0.09999999999999432,0.09999999999999432,0.0015000000000000013,0.0,0.0,0.0,0.0,0.0
mage,5,balanced,str,7,2,0.0,0.0,0.0,0.0,1.0,0.20000000000000284,0.0,0.25,0.0,0.0,0.0,0.0,0.0,0.0,0.0,0.0,0.0
mage,5,balanced,agi,9,2,0.0,0.0,0.0,0.0,0.0,0.0,0.0,0.0,0.0,0.0,1.75,0.0,0.0,0.01749999999999996,0.0,0.0,1.749999999999993
mage,5,balanced,vit,9,2,15.0,0.0,0.125,0.0,0.0,0.0,0.0,2.0,0.25,0.0,0.0,0.0,0.0,0.0,0.0,0.0,0.0
mage,5,balanced,int,13,3,0.0,1.6666666666666667,0.0,0.040000000000000036,0.0,0.0,0.9166666666666666,0.0,0.6666666666666666,0.0,0.0,0.0,0.0,0.0,-0.00033333333333333365,0.0,0.0
mage,5,balanced,dex,11,3,0.0,0.0,0.0,0.0,0.13333333333333405,0.6666666666666666,0.13333333333333286,0.0,0.0,0.6666666666666666,0.0,0.00016666666666666682,0.0,0.0016666666666667052,-0.0010000000000000009,0.0,0.16666666666666666
mage,5,balanced,luk,6,2,0.0,0.0,0.0,0.0,0.0,0.0,0.0,0.0,0.0,0.10000000000000853,0.10000000000000142,0.0015000000000000013,0.0,0.0,0.0,0.0,0.0
mage,10,concentrated,str,2,2,0.0,0.0,0.0,0.0,1.0,0.1999999999999993,0.0,0.25,0.0,0.0,0.0,0.0,0.0,0.0,0.0,0.0,0.0
mage,10,concentrated,agi,5,2,0.0,0.0,0.0,0.0,0.0,0.0,0.0,0.0,0.0,0.0,0.75,0.0,0.0,0.007500000000000062,0.0,0.0,0.7500000000000071
mage,10,concentrated,vit,5,2,5.0,0.0,0.025000000000000022,0.0,0.0,0.0,0.0,1.0,0.25,0.0,0.0,0.0,0.0,0.0,0.0,0.0,0.0
mage,10,concentrated,int,41,6,0.0,0.8333333333333334,0.0,0.05333333333333309,0.0,0.0,0.7916666666666666,0.0,0.3333333333333333,0.0,0.0,0.0,0.0,0.0,-0.00016666666666666682,0.0,0.0
mage,10,concentrated,dex,7,2,0.0,0.0,0.0,0.0,0.1999999999999993,1.0,0.20000000000000284,0.0,0.0,1.0,0.0,0.00024999999999999675,0.0,0.0025000000000000577,-0.0015000000000000013,0.0,0.2500000000000071
mage,10,concentrated,luk,2,2,0.0,0.0,0.0,0.0,0.0,0.0,0.0,0.0,0.0,0.09999999999999432,0.09999999999999432,0.0014999999999999979,0.0,0.0,0.0,0.0,0.0
mage,10,two,str,2,2,0.0,0.0,0.0,0.0,1.0,0.20000000000000284,0.0,0.25,0.0,0.0,0.0,0.0,0.0,0.0,0.0,0.0,0.0
mage,10,two,agi,5,2,0.0,0.0,0.0,0.0,0.0,0.0,0.0,0.0,0.0,0.0,0.75,0.0,0.0,0.007500000000000062,0.0,0.0,0.7500000000000071
mage,10,two,vit,5,2,5.0,0.0,0.025000000000000022,0.0,0.0,0.0,0.0,1.0,0.25,0.0,0.0,0.0,0.0,0.0,0.0,0.0,0.0
mage,10,two,int,35,5,0.0,1.0,0.0,0.06400000000000006,0.0,0.0,0.4,0.0,0.4,0.0,0.0,0.0,0.0,0.0,-0.00020000000000000017,0.0,0.0
mage,10,two,dex,18,3,0.0,0.0,0.0,0.0,0.13333333333333405,0.6666666666666666,0.1333333333333305,0.0,0.0,0.6666666666666666,0.0,0.00016666666666666682,0.0,0.0016666666666666312,-0.0010000000000000009,0.0,0.16666666666666666
mage,10,two,luk,2,2,0.0,0.0,0.0,0.0,0.0,0.0,0.0,0.0,0.0,0.09999999999999432,0.09999999999999432,0.0015000000000000013,0.0,0.0,0.0,0.0,0.0
mage,10,splash_three,str,2,2,0.0,0.0,0.0,0.0,1.0,0.20000000000000284,0.0,0.25,0.0,0.0,0.0,0.0,0.0,0.0,0.0,0.0,0.0
mage,10,splash_three,agi,5,2,0.0,0.0,0.0,0.0,0.0,0.0,0.0,0.0,0.0,0.0,0.75,0.0,0.0,0.007500000000000062,0.0,0.0,0.7500000000000071
mage,10,splash_three,vit,10,2,5.0,0.0,0.025000000000000133,0.0,0.0,0.0,0.0,1.0,0.25,0.0,0.0,0.0,0.0,0.0,0.0,0.0,0.0
mage,10,splash_three,int,35,5,0.0,1.0,0.0,0.06400000000000006,0.0,0.0,0.4,0.0,0.4,0.0,0.0,0.0,0.0,0.0,-0.00020000000000000017,0.0,0.0
mage,10,splash_three,dex,15,3,0.0,0.0,0.0,0.0,0.13333333333333286,0.6666666666666666,0.13333333333333522,0.0,0.0,0.6666666666666666,0.0,0.00016666666666666682,0.0,0.0016666666666667052,-0.0010000000000000009,0.0,0.1666666666666714
mage,10,splash_three,luk,2,2,0.0,0.0,0.0,0.0,0.0,0.0,0.0,0.0,0.0,0.09999999999999432,0.09999999999999432,0.0015000000000000013,0.0,0.0,0.0,0.0,0.0
mage,10,splash_four,str,2,2,0.0,0.0,0.0,0.0,1.0,0.20000000000000284,0.0,0.25,0.0,0.0,0.0,0.0,0.0,0.0,0.0,0.0,0.0
mage,10,splash_four,agi,9,2,0.0,0.0,0.0,0.0,0.0,0.0,0.0,0.0,0.0,0.0,1.75,0.0,0.0,0.01749999999999996,0.0,0.0,1.749999999999993
mage,10,splash_four,vit,9,2,15.0,0.0,0.125,0.0,0.0,0.0,0.0,2.0,0.25,0.0,0.0,0.0,0.0,0.0,0.0,0.0,0.0
mage,10,splash_four,int,33,5,0.0,1.0,0.0,0.02400000000000002,0.0,0.0,0.4,0.0,0.4,0.0,0.0,0.0,0.0,0.0,-0.00020000000000000017,0.0,0.0
mage,10,splash_four,dex,16,3,0.0,0.0,0.0,0.0,0.13333333333333405,0.6666666666666666,0.1333333333333305,0.0,0.0,0.6666666666666666,0.0,0.00016666666666666682,0.0,0.0016666666666666312,-0.0010000000000000009,0.0,0.16666666666666194
mage,10,splash_four,luk,2,2,0.0,0.0,0.0,0.0,0.0,0.0,0.0,0.0,0.0,0.09999999999999432,0.09999999999999432,0.0015000000000000013,0.0,0.0,0.0,0.0,0.0
mage,10,balanced,str,11,3,0.0,0.0,0.0,0.0,0.6666666666666666,0.13333333333333286,0.0,0.16666666666666666,0.0,0.0,0.0,0.0,0.0,0.0,0.0,0.0,0.0
mage,10,balanced,agi,14,3,0.0,0.0,0.0,0.0,0.0,0.0,0.0,0.0,0.0,0.0,0.5,0.0,0.0,0.005000000000000042,0.0,0.0,0.5000000000000094
mage,10,balanced,vit,14,3,3.3333333333333335,0.0,0.08333333333333333,0.0,0.0,0.0,0.0,0.6666666666666666,0.16666666666666666,0.0,0.0,0.0,0.0,0.0,0.0,0.0,0.0
mage,10,balanced,int,18,3,0.0,1.6666666666666667,0.0,0.03999999999999974,0.0,0.0,0.6666666666666666,0.0,0.6666666666666666,0.0,0.0,0.0,0.0,0.0,-0.00033333333333333365,0.0,0.0
mage,10,balanced,dex,16,3,0.0,0.0,0.0,0.0,0.13333333333333286,0.6666666666666666,0.13333333333333286,0.0,0.0,0.6666666666666666,0.0,0.00016666666666666682,0.0,0.0016666666666666312,-0.0010000000000000009,0.0,0.16666666666666666
mage,10,balanced,luk,10,2,0.0,0.0,0.0,0.0,0.0,0.0,0.0,0.0,0.0,0.09999999999999432,0.09999999999999432,0.0015000000000000013,0.0,0.0,0.0,0.0,0.0
mage,15,concentrated,str,2,2,0.0,0.0,0.0,0.0,1.0,0.1999999999999993,0.0,0.25,0.0,0.0,0.0,0.0,0.0,0.0,0.0,0.0,0.0
mage,15,concentrated,agi,5,2,0.0,0.0,0.0,0.0,0.0,0.0,0.0,0.0,0.0,0.0,0.75,0.0,0.0,0.007500000000000062,0.0,0.0,0.7500000000000071
mage,15,concentrated,vit,5,2,5.0,0.0,0.025000000000000022,0.0,0.0,0.0,0.0,1.0,0.25,0.0,0.0,0.0,0.0,0.0,0.0,0.0,0.0
mage,15,concentrated,int,53,7,0.0,0.7142857142857143,0.0,0.045714285714286006,0.0,0.0,0.2857142857142857,0.0,0.2857142857142857,0.0,0.0,0.0,0.0,0.0,-0.00014285714285714298,0.0,0.0
mage,15,concentrated,dex,7,2,0.0,0.0,0.0,0.0,0.1999999999999993,1.0,0.19999999999998863,0.0,0.0,1.0,0.0,0.00024999999999999675,0.0,0.0025000000000000577,-0.0015000000000000013,0.0,0.2500000000000071
mage,15,concentrated,luk,2,2,0.0,0.0,0.0,0.0,0.0,0.0,0.0,0.0,0.0,0.09999999999999432,0.09999999999999432,0.0014999999999999979,0.0,0.0,0.0,0.0,0.0
mage,15,two,str,2,2,0.0,0.0,0.0,0.0,1.0,0.20000000000000284,0.0,0.25,0.0,0.0,0.0,0.0,0.0,0.0,0.0,0.0,0.0
mage,15,two,agi,5,2,0.0,0.0,0.0,0.0,0.0,0.0,0.0,0.0,0.0,0.0,0.75,0.0,0.0,0.007500000000000062,0.0,0.0,0.75
mage,15,two,vit,5,2,5.0,0.0,0.025000000000000022,0.0,0.0,0.0,0.0,1.0,0.25,0.0,0.0,0.0,0.0,0.0,0.0,0.0,0.0
mage,15,two,int,46,6,0.0,0.8333333333333334,0.0,0.01999999999999987,0.0,0.0,0.3333333333333333,0.0,0.3333333333333333,0.0,0.0,0.0,0.0,0.0,-0.00016666666666666682,0.0,0.0
mage,15,two,dex,23,4,0.0,0.0,0.0,0.0,0.09999999999999964,0.5,0.10000000000000142,0.0,0.0,0.5,0.0,0.0001250000000000001,0.0,0.0012499999999999734,-0.0007500000000000284,0.0,0.12499999999999645
mage,15,two,luk,2,2,0.0,0.0,0.0,0.0,0.0,0.0,0.0,0.0,0.0,0.09999999999999432,0.09999999999999432,0.0015000000000000013,0.0,0.0,0.0,0.0,0.0
mage,15,splash_three,str,2,2,0.0,0.0,0.0,0.0,1.0,0.20000000000000284,0.0,0.25,0.0,0.0,0.0,0.0,0.0,0.0,0.0,0.0,0.0
mage,15,splash_three,agi,5,2,0.0,0.0,0.0,0.0,0.0,0.0,0.0,0.0,0.0,0.0,0.75,0.0,0.0,0.007500000000000062,0.0,0.0,0.75
mage,15,splash_three,vit,11,3,3.3333333333333335,0.0,0.016666666666666607,0.0,0.0,0.0,0.0,0.6666666666666666,0.16666666666666666,0.0,0.0,0.0,0.0,0.0,0.0,0.0,0.0
mage,15,splash_three,int,46,6,0.0,0.8333333333333334,0.0,0.01999999999999987,0.0,0.0,0.3333333333333333,0.0,0.3333333333333333,0.0,0.0,0.0,0.0,0.0,-0.00016666666666666682,0.0,0.0
mage,15,splash_three,dex,19,3,0.0,0.0,0.0,0.0,0.13333333333333286,1.6666666666666667,0.13333333333333522,0.0,0.0,1.3333333333333333,0.0,0.00016666666666666682,0.0,0.0016666666666667052,-0.0043333333333333375,0.0,0.16666666666666666
mage,15,splash_three,luk,2,2,0.0,0.0,0.0,0.0,0.0,0.0,0.0,0.0,0.0,0.09999999999999432,0.09999999999999432,0.0015000000000000013,0.0,0.0,0.0,0.0,0.0
mage,15,splash_four,str,2,2,0.0,0.0,0.0,0.0,1.0,0.20000000000000284,0.0,0.25,0.0,0.0,0.0,0.0,0.0,0.0,0.0,0.0,0.0
mage,15,splash_four,agi,11,3,0.0,0.0,0.0,0.0,0.0,0.0,0.0,0.0,0.0,0.0,0.5,0.0,0.0,0.004999999999999967,0.0,0.0,0.5
mage,15,splash_four,vit,11,3,3.3333333333333335,0.0,0.016666666666666607,0.0,0.0,0.0,0.0,0.6666666666666666,0.16666666666666666,0.0,0.0,0.0,0.0,0.0,0.0,0.0,0.0
mage,15,splash_four,int,44,6,0.0,0.8333333333333334,0.0,0.01999999999999987,0.0,0.0,1.0416666666666667,0.0,0.3333333333333333,0.0,0.0,0.0,0.0,0.0,-0.00016666666666666682,0.0,0.0
mage,15,splash_four,dex,19,3,0.0,0.0,0.0,0.0,0.13333333333333286,1.6666666666666667,0.13333333333333522,0.0,0.0,1.3333333333333333,0.0,0.00016666666666666682,0.0,0.0016666666666667052,-0.0043333333333333375,0.0,0.16666666666666666
mage,15,splash_four,luk,2,2,0.0,0.0,0.0,0.0,0.0,0.0,0.0,0.0,0.0,0.09999999999999432,0.09999999999999432,0.0015000000000000013,0.0,0.0,0.0,0.0,0.0
mage,15,balanced,str,15,3,0.0,0.0,0.0,0.0,0.6666666666666666,0.13333333333333286,0.0,0.16666666666666666,0.0,0.0,0.0,0.0,0.0,0.0,0.0,0.0,0.0
mage,15,balanced,agi,18,3,0.0,0.0,0.0,0.0,0.0,0.0,0.0,0.0,0.0,0.0,0.5,0.0,0.0,0.004999999999999967,0.0,0.0,0.5
mage,15,balanced,vit,18,3,3.3333333333333335,0.0,0.016666666666666757,0.0,0.0,0.0,0.0,0.6666666666666666,0.16666666666666666,0.0,0.0,0.0,0.0,0.0,0.0,0.0,0.0
mage,15,balanced,int,22,4,0.0,1.25,0.0,0.029999999999999805,0.0,0.0,0.5,0.0,0.5,0.0,0.0,0.0,0.0,0.0,-0.0002500000000000002,0.0,0.0
mage,15,balanced,dex,20,3,0.0,0.0,0.0,0.0,0.13333333333333286,0.6666666666666666,0.13333333333333522,0.0,0.0,0.6666666666666666,0.0,0.00016666666666666682,0.0,0.0016666666666666312,-0.0009999999999999638,0.0,0.16666666666666666
mage,15,balanced,luk,15,3,0.0,0.0,0.0,0.0,0.0,0.0,0.0,0.0,0.0,0.06666666666666288,0.06666666666666288,0.0010000000000000009,0.0,0.0,0.0,0.0,0.0
mage,20,concentrated,str,2,2,0.0,0.0,0.0,0.0,1.0,0.1999999999999993,0.0,0.25,0.0,0.0,0.0,0.0,0.0,0.0,0.0,0.0,0.0
mage,20,concentrated,agi,5,2,0.0,0.0,0.0,0.0,0.0,0.0,0.0,0.0,0.0,0.0,0.75,0.0,0.0,0.007500000000000062,0.0,0.0,0.7500000000000071
mage,20,concentrated,vit,5,2,5.0,0.0,0.025000000000000022,0.0,0.0,0.0,0.0,1.0,0.25,0.0,0.0,0.0,0.0,0.0,0.0,0.0,0.0
mage,20,concentrated,dex,7,2,0.0,0.0,0.0,0.0,0.1999999999999993,1.0,0.19999999999998863,0.0,0.0,1.0,0.0,0.00024999999999999675,0.0,0.0025000000000000577,-0.0015000000000000568,0.0,0.2500000000000071
mage,20,concentrated,luk,2,2,0.0,0.0,0.0,0.0,0.0,0.0,0.0,0.0,0.0,0.09999999999999432,0.09999999999999432,0.0014999999999999979,0.0,0.0,0.0,0.0,0.0
mage,20,two,str,2,2,0.0,0.0,0.0,0.0,1.0,0.20000000000000284,0.0,0.25,0.0,0.0,0.0,0.0,0.0,0.0,0.0,0.0,0.0
mage,20,two,agi,5,2,0.0,0.0,0.0,0.0,0.0,0.0,0.0,0.0,0.0,0.0,0.75,0.0,0.0,0.007500000000000062,0.0,0.0,0.7500000000000071
mage,20,two,vit,5,2,5.0,0.0,0.025000000000000022,0.0,0.0,0.0,0.0,1.0,0.25,0.0,0.0,0.0,0.0,0.0,0.0,0.0,0.0
mage,20,two,int,56,7,0.0,0.7142857142857143,0.0,0.017142857142857286,0.0,0.0,0.2857142857142857,0.0,0.2857142857142857,0.0,0.0,0.0,0.0,0.0,-0.00014285714285714298,0.0,0.0
mage,20,two,dex,27,4,0.0,0.0,0.0,0.0,0.10000000000000053,0.5,0.09999999999999432,0.0,0.0,0.5,0.0,0.0001250000000000001,0.0,0.0012499999999999734,-0.0007500000000000007,0.0,0.12499999999999645
mage,20,two,luk,2,2,0.0,0.0,0.0,0.0,0.0,0.0,0.0,0.0,0.0,0.09999999999999432,0.09999999999999432,0.0015000000000000013,0.0,0.0,0.0,0.0,0.0
mage,20,splash_three,str,2,2,0.0,0.0,0.0,0.0,1.0,0.20000000000000284,0.0,0.25,0.0,0.0,0.0,0.0,0.0,0.0,0.0,0.0,0.0
mage,20,splash_three,agi,5,2,0.0,0.0,0.0,0.0,0.0,0.0,0.0,0.0,0.0,0.0,0.75,0.0,0.0,0.007500000000000062,0.0,0.0,0.75
mage,20,splash_three,vit,12,3,3.3333333333333335,0.0,0.016666666666666607,0.0,0.0,0.0,0.0,0.6666666666666666,0.16666666666666666,0.0,0.0,0.0,0.0,0.0,0.0,0.0,0.0
mage,20,splash_three,int,57,7,0.0,0.7142857142857143,0.0,0.017142857142857286,0.0,0.0,0.2857142857142857,0.0,0.2857142857142857,0.0,0.0,0.0,0.0,0.0,-0.00014285714285714298,0.0,0.0
mage,20,splash_three,dex,21,4,0.0,0.0,0.0,0.0,0.10000000000000053,0.5,0.10000000000000142,0.0,0.0,0.5,0.0,0.0001250000000000001,0.0,0.0012500000000000289,-0.0007500000000000284,0.0,0.125
mage,20,splash_three,luk,2,2,0.0,0.0,0.0,0.0,0.0,0.0,0.0,0.0,0.0,0.09999999999999432,0.09999999999999432,0.0015000000000000013,0.0,0.0,0.0,0.0,0.0
mage,20,splash_four,str,2,2,0.0,0.0,0.0,0.0,1.0,0.20000000000000284,0.0,0.25,0.0,0.0,0.0,0.0,0.0,0.0,0.0,0.0,0.0
mage,20,splash_four,agi,13,3,0.0,0.0,0.0,0.0,0.0,0.0,0.0,0.0,0.0,0.0,0.5,0.0,0.0,0.004999999999999967,0.0,0.0,0.5
mage,20,splash_four,vit,13,3,3.3333333333333335,0.0,0.016666666666666757,0.0,0.0,0.0,0.0,0.6666666666666666,0.16666666666666666,0.0,0.0,0.0,0.0,0.0,0.0,0.0,0.0
mage,20,splash_four,int,53,7,0.0,0.7142857142857143,0.0,0.045714285714286006,0.0,0.0,0.2857142857142857,0.0,0.2857142857142857,0.0,0.0,0.0,0.0,0.0,-0.00014285714285714298,0.0,0.0
mage,20,splash_four,dex,23,4,0.0,0.0,0.0,0.0,0.09999999999999964,0.5,0.10000000000000142,0.0,0.0,0.5,0.0,0.0001250000000000001,0.0,0.0012499999999999734,-0.0007500000000000284,0.0,0.125
mage,20,splash_four,luk,2,2,0.0,0.0,0.0,0.0,0.0,0.0,0.0,0.0,0.0,0.09999999999999432,0.09999999999999432,0.0015000000000000013,0.0,0.0,0.0,0.0,0.0
mage,20,balanced,str,19,3,0.0,0.0,0.0,0.0,1.6666666666666667,0.13333333333333522,0.0,0.16666666666666666,0.0,0.0,0.0,0.0,0.0,0.0,0.0,0.0,0.0
mage,20,balanced,agi,22,4,0.0,0.0,0.0,0.0,0.0,0.0,0.0,0.0,0.0,0.0,0.375,0.0,0.0,0.00374999999999992,0.0,0.0,0.3749999999999929
mage,20,balanced,vit,22,4,2.5,0.0,0.012499999999999956,0.0,0.0,0.0,0.0,0.5,0.125,0.0,0.0,0.0,0.0,0.0,0.0,0.0,0.0
mage,20,balanced,int,26,4,0.0,1.25,0.0,0.030000000000000027,0.0,0.0,0.5,0.0,0.5,0.0,0.0,0.0,0.0,0.0,-0.0002500000000000002,0.0,0.0
mage,20,balanced,dex,24,4,0.0,0.0,0.0,0.0,0.09999999999999964,0.5,0.10000000000000142,0.0,0.0,0.5,0.0,0.0001250000000000001,0.0,0.0012499999999999734,-0.0007499999999999729,0.0,0.1249999999999929
mage,20,balanced,luk,19,3,0.0,0.0,0.0,0.0,0.0,0.0,0.0,0.0,0.0,0.06666666666666288,0.06666666666666288,0.001666666666666668,0.0006666666666666666,0.0,0.0,0.0,0.0
mage,30,concentrated,str,2,2,0.0,0.0,0.0,0.0,1.0,0.1999999999999993,0.0,0.25,0.0,0.0,0.0,0.0,0.0,0.0,0.0,0.0,0.0
mage,30,concentrated,agi,5,2,0.0,0.0,0.0,0.0,0.0,0.0,0.0,0.0,0.0,0.0,0.75,0.0,0.0,0.007500000000000062,0.0,0.0,0.7500000000000071
mage,30,concentrated,vit,5,2,5.0,0.0,0.025000000000000022,0.0,0.0,0.0,0.0,1.0,0.25,0.0,0.0,0.0,0.0,0.0,0.0,0.0,0.0
mage,30,concentrated,dex,7,2,0.0,0.0,0.0,0.0,0.1999999999999993,1.0,0.19999999999998863,0.0,0.0,1.0,0.0,0.00024999999999999675,0.0,0.0025000000000000577,-0.0015000000000000568,0.0,0.2500000000000071
mage,30,concentrated,luk,2,2,0.0,0.0,0.0,0.0,0.0,0.0,0.0,0.0,0.0,0.09999999999999432,0.09999999999999432,0.0014999999999999979,0.0,0.0,0.0,0.0,0.0
mage,30,two,str,2,2,0.0,0.0,0.0,0.0,1.0,0.19999999999998863,0.0,0.25,0.0,0.0,0.0,0.0,0.0,0.0,0.0,0.0,0.0
mage,30,two,agi,5,2,0.0,0.0,0.0,0.0,0.0,0.0,0.0,0.0,0.0,0.0,0.75,0.0,0.0,0.007500000000000062,0.0,0.0,0.75
mage,30,two,vit,5,2,5.0,0.0,0.025000000000000022,0.0,0.0,0.0,0.0,1.0,0.25,0.0,0.0,0.0,0.0,0.0,0.0,0.0,0.0
mage,30,two,dex,54,7,0.0,0.0,0.0,0.0,0.05714285714285694,0.2857142857142857,0.05714285714285795,0.0,0.0,0.2857142857142857,0.0,7.142857142857149e-05,0.0,0.0007142857142857308,-0.0004285714285714448,0.0,0.07142857142857142
mage,30,two,luk,2,2,0.0,0.0,0.0,0.0,0.0,0.0,0.0,0.0,0.0,0.09999999999999432,0.09999999999999432,0.0015000000000000013,0.0,0.0,0.0,0.0,0.0
mage,30,splash_three,str,2,2,0.0,0.0,0.0,0.0,1.0,0.20000000000000284,0.0,0.25,0.0,0.0,0.0,0.0,0.0,0.0,0.0,0.0,0.0
mage,30,splash_three,agi,5,2,0.0,0.0,0.0,0.0,0.0,0.0,0.0,0.0,0.0,0.0,0.75,0.0,0.0,0.007500000000000062,0.0,0.0,0.7500000000000142
mage,30,splash_three,vit,25,4,2.5,0.0,0.012499999999999956,0.0,0.0,0.0,0.0,0.5,0.125,0.0,0.0,0.0,0.0,0.0,0.0,0.0,0.0
mage,30,splash_three,dex,45,6,0.0,0.0,0.0,0.0,0.06666666666666761,0.3333333333333333,0.06666666666666761,0.0,0.0,0.3333333333333333,0.0,8.333333333333341e-05,0.0,0.0008333333333333156,-0.0004999999999999819,0.0,0.08333333333333333
mage,30,splash_three,luk,2,2,0.0,0.0,0.0,0.0,0.0,0.0,0.0,0.0,0.0,0.09999999999999432,0.09999999999999432,0.0015000000000000013,0.0,0.0,0.0,0.0,0.0
mage,30,splash_four,str,2,2,0.0,0.0,0.0,0.0,1.0,0.20000000000000284,0.0,0.25,0.0,0.0,0.0,0.0,0.0,0.0,0.0,0.0,0.0
mage,30,splash_four,agi,21,4,0.0,0.0,0.0,0.0,0.0,0.0,0.0,0.0,0.0,0.0,0.375,0.0,0.0,0.003750000000000031,0.0,0.0,0.375
mage,30,splash_four,vit,22,4,2.5,0.0,0.012499999999999956,0.0,0.0,0.0,0.0,0.5,0.125,0.0,0.0,0.0,0.0,0.0,0.0,0.0,0.0
mage,30,splash_four,dex,40,5,0.0,0.0,0.0,0.0,0.08000000000000043,0.4,0.08000000000000114,0.0,0.0,0.4,0.0,0.00010000000000000009,0.0,0.001000000000000023,-0.0006000000000000227,0.0,0.1
mage,30,splash_four,luk,2,2,0.0,0.0,0.0,0.0,0.0,0.0,0.0,0.0,0.0,0.09999999999999432,0.09999999999999432,0.0015000000000000013,0.0,0.0,0.0,0.0,0.0
mage,30,balanced,str,27,4,0.0,0.0,0.0,0.0,0.5,0.10000000000000142,0.0,0.125,0.0,0.0,0.0,0.0,0.0,0.0,0.0,0.0,0.0
mage,30,balanced,agi,30,4,0.0,0.0,0.0,0.0,0.0,0.0,0.0,0.0,0.0,0.0,0.375,0.0,0.0,0.0037499999999999756,0.0,0.0,0.375
mage,30,balanced,vit,30,4,2.5,0.0,0.012499999999999956,0.0,0.0,0.0,0.0,0.5,0.125,0.0,0.0,0.0,0.0,0.0,0.0,0.0,0.0
mage,30,balanced,int,33,5,0.0,1.0,0.0,0.02400000000000002,0.0,0.0,0.4,0.0,0.4,0.0,0.0,0.0,0.0,0.0,-0.00020000000000000017,0.0,0.0
mage,30,balanced,dex,31,5,0.0,0.0,0.0,0.0,0.0799999999999983,0.4,0.0799999999999983,0.0,0.0,0.4,0.0,0.00010000000000000009,0.0,0.0009999999999999788,-0.0006000000000000005,0.0,0.1
mage,30,balanced,luk,26,4,0.0,0.0,0.0,0.0,0.0,0.0,0.0,0.0,0.0,0.05000000000000426,0.05000000000000426,0.0007500000000000007,0.0,0.0,0.0,0.0,0.0
sentinel_critical,5,concentrated,str,3,2,0.0,0.0,0.0,0.0,1.0,0.19999999999999574,0.0,0.25,0.0,0.0,0.0,0.0,0.0,0.0,0.0,0.0,0.0
sentinel_critical,5,concentrated,agi,7,2,0.0,0.0,0.0,0.0,0.0,0.0,0.0,0.0,0.0,0.0,0.75,0.0,0.0,0.007500000000000062,0.0,0.0,0.7500000000000071
sentinel_critical,5,concentrated,vit,5,2,5.0,0.0,0.025000000000000022,0.0,0.0,0.0,0.0,1.0,0.25,0.0,0.0,0.0,0.0,0.0,0.0,0.0,0.0
sentinel_critical,5,concentrated,int,2,2,0.0,2.5,0.0,0.05999999999999983,0.0,0.0,1.0,0.0,1.0,0.0,0.0,0.0,0.0,0.0,-0.0005000000000000004,0.0,0.0
sentinel_critical,5,concentrated,dex,26,4,0.0,0.0,0.0,0.0,0.10000000000000053,0.5,0.10000000000000053,0.0,0.0,0.5,0.0,0.0001250000000000001,0.0,0.0012500000000000289,-0.0007500000000000007,0.0,0.12500000000000355
sentinel_critical,5,concentrated,luk,3,2,0.0,0.0,0.0,0.0,0.0,0.0,0.0,0.0,0.0,0.10000000000000853,0.10000000000000142,0.0014999999999999944,0.0,0.0,0.0,0.0,0.0
sentinel_critical,5,two,str,3,2,0.0,0.0,0.0,0.0,1.0,0.1999999999999993,0.0,0.25,0.0,0.0,0.0,0.0,0.0,0.0,0.0,0.0,0.0
sentinel_critical,5,two,agi,7,2,0.0,0.0,0.0,0.0,0.0,0.0,0.0,0.0,0.0,0.0,0.75,0.0,0.0,0.007500000000000062,0.0,0.0,0.7500000000000071
sentinel_critical,5,two,vit,5,2,5.0,0.0,0.025000000000000022,0.0,0.0,0.0,0.0,1.0,0.25,0.0,0.0,0.0,0.0,0.0,0.0,0.0,0.0
sentinel_critical,5,two,int,2,2,0.0,2.5,0.0,0.05999999999999983,0.0,0.0,1.0,0.0,1.0,0.0,0.0,0.0,0.0,0.0,-0.0005000000000000004,0.0,0.0
sentinel_critical,5,two,dex,23,4,0.0,0.0,0.0,0.0,0.09999999999999964,0.5,0.09999999999999964,0.0,0.0,0.5,0.0,0.0001250000000000001,0.0,0.0012500000000000289,-0.0007500000000000284,0.0,0.12500000000000355
sentinel_critical,5,two,luk,9,2,0.0,0.0,0.0,0.0,0.0,0.0,0.0,0.0,0.0,0.09999999999999432,0.10000000000000142,0.0025000000000000022,0.001,0.0,0.0,0.0,0.0
sentinel_critical,5,splash_three,str,3,2,0.0,0.0,0.0,0.0,1.0,0.1999999999999993,0.0,0.25,0.0,0.0,0.0,0.0,0.0,0.0,0.0,0.0,0.0
sentinel_critical,5,splash_three,agi,9,2,0.0,0.0,0.0,0.0,0.0,0.0,0.0,0.0,0.0,0.0,1.75,0.0,0.0,0.01749999999999996,0.0,0.0,1.75
sentinel_critical,5,splash_three,vit,5,2,5.0,0.0,0.025000000000000022,0.0,0.0,0.0,0.0,1.0,0.25,0.0,0.0,0.0,0.0,0.0,0.0,0.0,0.0
sentinel_critical,5,splash_three,int,2,2,0.0,2.5,0.0,0.05999999999999983,0.0,0.0,1.0,0.0,1.0,0.0,0.0,0.0,0.0,0.0,-0.0005000000000000004,0.0,0.0
sentinel_critical,5,splash_three,dex,23,4,0.0,0.0,0.0,0.0,0.09999999999999964,0.5,0.09999999999999964,0.0,0.0,0.5,0.0,0.0001250000000000001,0.0,0.0012499999999999734,-0.0007500000000000284,0.0,0.12499999999999645
sentinel_critical,5,splash_three,luk,7,2,0.0,0.0,0.0,0.0,0.0,0.0,0.0,0.0,0.0,0.09999999999999432,0.09999999999999432,0.0015000000000000013,0.0,0.0,0.0,0.0,0.0
sentinel_critical,5,splash_four,str,3,2,0.0,0.0,0.0,0.0,1.0,0.1999999999999993,0.0,0.25,0.0,0.0,0.0,0.0,0.0,0.0,0.0,0.0,0.0
sentinel_critical,5,splash_four,agi,9,2,0.0,0.0,0.0,0.0,0.0,0.0,0.0,0.0,0.0,0.0,1.75,0.0,0.0,0.01749999999999996,0.0,0.0,1.749999999999993
sentinel_critical,5,splash_four,vit,7,2,5.0,0.0,0.025000000000000022,0.0,0.0,0.0,0.0,1.0,0.25,0.0,0.0,0.0,0.0,0.0,0.0,0.0,0.0
sentinel_critical,5,splash_four,int,2,2,0.0,2.5,0.0,0.05999999999999983,0.0,0.0,1.0,0.0,1.0,0.0,0.0,0.0,0.0,0.0,-0.0005000000000000004,0.0,0.0
sentinel_critical,5,splash_four,dex,22,4,0.0,0.0,0.0,0.0,0.10000000000000053,0.5,0.10000000000000053,0.0,0.0,0.5,0.0,0.0001250000000000001,0.0,0.0012499999999999734,-0.0007499999999999729,0.0,0.12499999999999645
sentinel_critical,5,splash_four,luk,7,2,0.0,0.0,0.0,0.0,0.0,0.0,0.0,0.0,0.0,0.09999999999999432,0.09999999999999432,0.0015000000000000013,0.0,0.0,0.0,0.0,0.0
sentinel_critical,5,balanced,str,8,2,0.0,0.0,0.0,0.0,1.0,0.1999999999999993,0.0,0.25,0.0,0.0,0.0,0.0,0.0,0.0,0.0,0.0,0.0
sentinel_critical,5,balanced,agi,11,3,0.0,0.0,0.0,0.0,0.0,0.0,0.0,0.0,0.0,0.0,0.5,0.0,0.0,0.004999999999999967,0.0,0.0,0.4999999999999953
sentinel_critical,5,balanced,vit,9,2,15.0,0.0,0.125,0.0,0.0,0.0,0.0,2.0,0.25,0.0,0.0,0.0,0.0,0.0,0.0,0.0,0.0
sentinel_critical,5,balanced,int,6,2,0.0,2.5,0.0,0.06000000000000005,0.0,0.0,1.125,0.0,1.0,0.0,0.0,0.0,0.0,0.0,-0.0005000000000000004,0.0,0.0
sentinel_critical,5,balanced,dex,14,3,0.0,0.0,0.0,0.0,0.13333333333333286,0.6666666666666666,0.13333333333333286,0.0,0.0,0.6666666666666666,0.0,0.00016666666666666682,0.0,0.0016666666666666312,-0.0010000000000000009,0.0,0.16666666666666194
sentinel_critical,5,balanced,luk,7,2,0.0,0.0,0.0,0.0,0.0,0.0,0.0,0.0,0.0,0.09999999999999432,0.09999999999999432,0.0015000000000000013,0.0,0.0,0.0,0.0,0.0
sentinel_critical,10,concentrated,str,3,2,0.0,0.0,0.0,0.0,1.0,0.19999999999999574,0.0,0.25,0.0,0.0,0.0,0.0,0.0,0.0,0.0,0.0,0.0
sentinel_critical,10,concentrated,agi,7,2,0.0,0.0,0.0,0.0,0.0,0.0,0.0,0.0,0.0,0.0,0.75,0.0,0.0,0.007500000000000062,0.0,0.0,0.7500000000000142
sentinel_critical,10,concentrated,vit,5,2,5.0,0.0,0.025000000000000022,0.0,0.0,0.0,0.0,1.0,0.25,0.0,0.0,0.0,0.0,0.0,0.0,0.0,0.0
sentinel_critical,10,concentrated,int,2,2,0.0,2.5,0.0,0.05999999999999983,0.0,0.0,1.0000000000000018,0.0,1.0,0.0,0.0,0.0,0.0,0.0,-0.0005000000000000004,0.0,0.0
sentinel_critical,10,concentrated,dex,41,6,0.0,0.0,0.0,0.0,0.06666666666666525,0.3333333333333333,0.06666666666666643,0.0,0.0,0.3333333333333333,0.0,8.333333333333341e-05,0.0,0.0008333333333333156,-0.0005000000000000004,0.0,0.08333333333333333
sentinel_critical,10,concentrated,luk,3,2,0.0,0.0,0.0,0.0,0.0,0.0,0.0,0.0,0.0,0.10000000000000853,0.10000000000000142,0.0015000000000000013,0.0,0.0,0.0,0.0,0.0
sentinel_critical,10,two,str,3,2,0.0,0.0,0.0,0.0,1.0,0.19999999999999574,0.0,0.25,0.0,0.0,0.0,0.0,0.0,0.0,0.0,0.0,0.0
sentinel_critical,10,two,agi,7,2,0.0,0.0,0.0,0.0,0.0,0.0,0.0,0.0,0.0,0.0,0.75,0.0,0.0,0.007500000000000062,0.0,0.0,0.75
sentinel_critical,10,two,vit,5,2,5.0,0.0,0.025000000000000022,0.0,0.0,0.0,0.0,1.0,0.25,0.0,0.0,0.0,0.0,0.0,0.0,0.0,0.0
sentinel_critical,10,two,int,2,2,0.0,2.5,0.0,0.05999999999999983,0.0,0.0,1.0,0.0,1.0,0.0,0.0,0.0,0.0,0.0,-0.0005000000000000004,0.0,0.0
sentinel_critical,10,two,dex,36,5,0.0,0.0,0.0,0.0,0.08000000000000043,0.4,0.08000000000000043,0.0,0.0,0.4,0.0,0.00010000000000000009,0.0,0.001000000000000023,-0.0006000000000000005,0.0,0.1
sentinel_critical,10,two,luk,14,3,0.0,0.0,0.0,0.0,0.0,0.0,0.0,0.0,0.0,0.06666666666666288,0.06666666666666761,0.001666666666666668,0.0006666666666666666,0.0,0.0,0.0,0.0
sentinel_critical,10,splash_three,str,3,2,0.0,0.0,0.0,0.0,1.0,0.19999999999999574,0.0,0.25,0.0,0.0,0.0,0.0,0.0,0.0,0.0,0.0,0.0
sentinel_critical,10,splash_three,agi,11,3,0.0,0.0,0.0,0.0,0.0,0.0,0.0,0.0,0.0,0.0,0.5,0.0,0.0,0.004999999999999967,0.0,0.0,0.5
sentinel_critical,10,splash_three,vit,5,2,5.0,0.0,0.025000000000000022,0.0,0.0,0.0,0.0,1.0,0.25,0.0,0.0,0.0,0.0,0.0,0.0,0.0,0.0
sentinel_critical,10,splash_three,int,2,2,0.0,2.5,0.0,0.05999999999999983,0.0,0.0,1.0,0.0,1.0,0.0,0.0,0.0,0.0,0.0,-0.0005000000000000004,0.0,0.0
sentinel_critical,10,splash_three,dex,36,5,0.0,0.0,0.0,0.0,0.08000000000000043,0.4,0.08000000000000043,0.0,0.0,0.4,0.0,0.00010000000000000009,0.0,0.001000000000000023,-0.0006000000000000005,0.0,0.1
sentinel_critical,10,splash_three,luk,12,3,0.0,0.0,0.0,0.0,0.0,0.0,0.0,0.0,0.0,0.06666666666666288,0.06666666666666288,0.0009999999999999963,0.0,0.0,0.0,0.0,0.0
sentinel_critical,10,splash_four,str,3,2,0.0,0.0,0.0,0.0,1.0,0.19999999999999574,0.0,0.25,0.0,0.0,0.0,0.0,0.0,0.0,0.0,0.0,0.0
sentinel_critical,10,splash_four,agi,11,3,0.0,0.0,0.0,0.0,0.0,0.0,0.0,0.0,0.0,0.0,0.5,0.0,0.0,0.004999999999999967,0.0,0.0,0.5
sentinel_critical,10,splash_four,vit,9,2,15.0,0.0,0.125,0.0,0.0,0.0,0.0,2.0,0.25,0.0,0.0,0.0,0.0,0.0,0.0,0.0,0.0
sentinel_critical,10,splash_four,int,2,2,0.0,2.5,0.0,0.05999999999999983,0.0,0.0,1.0,0.0,1.0,0.0,0.0,0.0,0.0,0.0,-0.0005000000000000004,0.0,0.0
sentinel_critical,10,splash_four,dex,35,5,0.0,0.0,0.0,0.0,0.07999999999999971,0.4,0.07999999999999971,0.0,0.0,0.4,0.0,0.00010000000000000009,0.0,0.0009999999999999788,-0.0006000000000000005,0.0,0.1
sentinel_critical,10,splash_four,luk,11,3,0.0,0.0,0.0,0.0,0.0,0.0,0.0,0.0,0.0,0.06666666666667236,0.06666666666667236,0.0010000000000000009,0.0,0.0,0.0,0.0,0.0
sentinel_critical,10,balanced,str,12,3,0.0,0.0,0.0,0.0,0.6666666666666666,0.13333333333333522,0.0,0.16666666666666666,0.0,0.0,0.0,0.0,0.0,0.0,0.0,0.0,0.0
sentinel_critical,10,balanced,agi,16,3,0.0,0.0,0.0,0.0,0.0,0.0,0.0,0.0,0.0,0.0,0.5,0.0,0.0,0.004999999999999967,0.0,0.0,0.5
sentinel_critical,10,balanced,vit,14,3,3.3333333333333335,0.0,0.08333333333333333,0.0,0.0,0.0,0.0,0.6666666666666666,0.16666666666666666,0.0,0.0,0.0,0.0,0.0,0.0,0.0,0.0
sentinel_critical,10,balanced,int,11,3,0.0,1.6666666666666667,0.0,0.10666666666666662,0.0,0.0,0.6666666666666666,0.0,0.6666666666666666,0.0,0.0,0.0,0.0,0.0,-0.00033333333333333365,0.0,0.0
sentinel_critical,10,balanced,dex,19,3,0.0,0.0,0.0,0.0,0.13333333333333286,1.6666666666666667,0.13333333333333286,0.0,0.0,1.3333333333333333,0.0,0.00016666666666666682,0.0,0.0016666666666667052,-0.0043333333333333375,0.0,0.16666666666666666
sentinel_critical,10,balanced,luk,11,3,0.0,0.0,0.0,0.0,0.0,0.0,0.0,0.0,0.0,0.06666666666667236,0.06666666666667236,0.0010000000000000009,0.0,0.0,0.0,0.0,0.0
sentinel_critical,15,concentrated,str,3,2,0.0,0.0,0.0,0.0,1.0,0.20000000000000284,0.0,0.25,0.0,0.0,0.0,0.0,0.0,0.0,0.0,0.0,0.0
sentinel_critical,15,concentrated,agi,7,2,0.0,0.0,0.0,0.0,0.0,0.0,0.0,0.0,0.0,0.0,0.75,0.0,0.0,0.007500000000000062,0.0,0.0,0.7500000000000142
sentinel_critical,15,concentrated,vit,5,2,5.0,0.0,0.025000000000000022,0.0,0.0,0.0,0.0,1.0,0.25,0.0,0.0,0.0,0.0,0.0,0.0,0.0,0.0
sentinel_critical,15,concentrated,int,2,2,0.0,2.5,0.0,0.05999999999999983,0.0,0.0,1.0,0.0,1.0,0.0,0.0,0.0,0.0,0.0,-0.0005000000000000004,0.0,0.0
sentinel_critical,15,concentrated,dex,53,7,0.0,0.0,0.0,0.0,0.05714285714285694,0.2857142857142857,0.05714285714285694,0.0,0.0,0.2857142857142857,0.0,7.142857142857149e-05,0.0,0.0007142857142856991,-0.00042857142857142893,0.0,0.07142857142857142
sentinel_critical,15,concentrated,luk,3,2,0.0,0.0,0.0,0.0,0.0,0.0,0.0,0.0,0.0,0.10000000000000853,0.10000000000000142,0.0014999999999999944,0.0,0.0,0.0,0.0,0.0
sentinel_critical,15,two,str,3,2,0.0,0.0,0.0,0.0,1.0,0.19999999999999574,0.0,0.25,0.0,0.0,0.0,0.0,0.0,0.0,0.0,0.0,0.0
sentinel_critical,15,two,agi,7,2,0.0,0.0,0.0,0.0,0.0,0.0,0.0,0.0,0.0,0.0,0.75,0.0,0.0,0.007500000000000062,0.0,0.0,0.7500000000000142
sentinel_critical,15,two,vit,5,2,5.0,0.0,0.025000000000000022,0.0,0.0,0.0,0.0,1.0,0.25,0.0,0.0,0.0,0.0,0.0,0.0,0.0,0.0
sentinel_critical,15,two,int,2,2,0.0,2.5,0.0,0.05999999999999983,0.0,0.0,1.0,0.0,1.0,0.0,0.0,0.0,0.0,0.0,-0.0005000000000000004,0.0,0.0
sentinel_critical,15,two,dex,47,6,0.0,0.0,0.0,0.0,0.06666666666666761,0.3333333333333333,0.06666666666666761,0.0,0.0,0.3333333333333333,0.0,8.333333333333341e-05,0.0,0.0008333333333333156,-0.0005000000000000004,0.0,0.08333333333333333
sentinel_critical,15,two,luk,19,3,0.0,0.0,0.0,0.0,0.0,0.0,0.0,0.0,0.0,0.06666666666666288,0.06666666666666288,0.001666666666666668,0.0006666666666666666,0.0,0.0,0.0,0.0
sentinel_critical,15,splash_three,str,3,2,0.0,0.0,0.0,0.0,1.0,0.19999999999999574,0.0,0.25,0.0,0.0,0.0,0.0,0.0,0.0,0.0,0.0,0.0
sentinel_critical,15,splash_three,agi,13,3,0.0,0.0,0.0,0.0,0.0,0.0,0.0,0.0,0.0,0.0,0.5,0.0,0.0,0.004999999999999967,0.0,0.0,0.4999999999999905
sentinel_critical,15,splash_three,vit,5,2,5.0,0.0,0.025000000000000022,0.0,0.0,0.0,0.0,1.0,0.25,0.0,0.0,0.0,0.0,0.0,0.0,0.0,0.0
sentinel_critical,15,splash_three,int,2,2,0.0,2.5,0.0,0.05999999999999983,0.0,0.0,1.0,0.0,1.0,0.0,0.0,0.0,0.0,0.0,-0.0005000000000000004,0.0,0.0
sentinel_critical,15,splash_three,dex,47,6,0.0,0.0,0.0,0.0,0.06666666666666761,0.3333333333333333,0.06666666666666761,0.0,0.0,0.3333333333333333,0.0,8.333333333333341e-05,0.0,0.0008333333333333156,-0.0005000000000000004,0.0,0.0833333333333286
sentinel_critical,15,splash_three,luk,15,3,0.0,0.0,0.0,0.0,0.0,0.0,0.0,0.0,0.0,0.06666666666666288,0.06666666666666288,0.0010000000000000009,0.0,0.0,0.0,0.0,0.0
sentinel_critical,15,splash_four,str,3,2,0.0,0.0,0.0,0.0,1.0,0.19999999999999574,0.0,0.25,0.0,0.0,0.0,0.0,0.0,0.0,0.0,0.0,0.0
sentinel_critical,15,splash_four,agi,13,3,0.0,0.0,0.0,0.0,0.0,0.0,0.0,0.0,0.0,0.0,0.5,0.0,0.0,0.004999999999999967,0.0,0.0,0.4999999999999905
sentinel_critical,15,splash_four,vit,11,3,3.3333333333333335,0.0,0.016666666666666607,0.0,0.0,0.0,0.0,0.6666666666666666,0.16666666666666666,0.0,0.0,0.0,0.0,0.0,0.0,0.0,0.0
sentinel_critical,15,splash_four,int,2,2,0.0,2.5,0.0,0.05999999999999983,0.0,0.0,1.0,0.0,1.0,0.0,0.0,0.0,0.0,0.0,-0.0005000000000000004,0.0,0.0
sentinel_critical,15,splash_four,dex,45,6,0.0,0.0,0.0,0.0,0.06666666666666761,0.3333333333333333,0.06666666666666761,0.0,0.0,0.3333333333333333,0.0,8.333333333333341e-05,0.0,0.0008333333333333156,-0.0005000000000000004,0.0,0.0833333333333286
sentinel_critical,15,splash_four,luk,15,3,0.0,0.0,0.0,0.0,0.0,0.0,0.0,0.0,0.0,0.06666666666666288,0.06666666666666288,0.0010000000000000009,0.0,0.0,0.0,0.0,0.0
sentinel_critical,15,balanced,str,16,3,0.0,0.0,0.0,0.0,0.6666666666666666,0.1333333333333305,0.0,0.16666666666666666,0.0,0.0,0.0,0.0,0.0,0.0,0.0,0.0,0.0
sentinel_critical,15,balanced,agi,20,3,0.0,0.0,0.0,0.0,0.0,0.0,0.0,0.0,0.0,0.0,0.5,0.0,0.0,0.004999999999999967,0.0,0.0,0.5
sentinel_critical,15,balanced,vit,18,3,3.3333333333333335,0.0,0.016666666666666757,0.0,0.0,0.0,0.0,0.6666666666666666,0.16666666666666666,0.0,0.0,0.0,0.0,0.0,0.0,0.0,0.0
sentinel_critical,15,balanced,int,15,3,0.0,1.6666666666666667,0.0,0.040000000000000036,0.0,0.0,0.6666666666666666,0.0,0.6666666666666666,0.0,0.0,0.0,0.0,0.0,-0.00033333333333333365,0.0,0.0
sentinel_critical,15,balanced,dex,23,4,0.0,0.0,0.0,0.0,0.09999999999999964,0.5,0.09999999999999964,0.0,0.0,0.5,0.0,0.0001250000000000001,0.0,0.0012499999999999734,-0.0007500000000000284,0.0,0.125
sentinel_critical,15,balanced,luk,16,3,0.0,0.0,0.0,0.0,0.0,0.0,0.0,0.0,0.0,0.06666666666667236,0.06666666666667236,0.0010000000000000009,0.0,0.0,0.0,0.0,0.0
sentinel_critical,20,concentrated,str,3,2,0.0,0.0,0.0,0.0,1.0,0.20000000000000284,0.0,0.25,0.0,0.0,0.0,0.0,0.0,0.0,0.0,0.0,0.0
sentinel_critical,20,concentrated,agi,7,2,0.0,0.0,0.0,0.0,0.0,0.0,0.0,0.0,0.0,0.0,0.75,0.0,0.0,0.007500000000000062,0.0,0.0,0.7500000000000142
sentinel_critical,20,concentrated,vit,5,2,5.0,0.0,0.025000000000000022,0.0,0.0,0.0,0.0,1.0,0.25,0.0,0.0,0.0,0.0,0.0,0.0,0.0,0.0
sentinel_critical,20,concentrated,int,2,2,0.0,2.5,0.0,0.05999999999999983,0.0,0.0,1.0,0.0,1.0,0.0,0.0,0.0,0.0,0.0,-0.0004999999999999449,0.0,0.0
sentinel_critical,20,concentrated,luk,3,2,0.0,0.0,0.0,0.0,0.0,0.0,0.0,0.0,0.0,0.10000000000000853,0.10000000000000853,0.0015000000000000013,0.0,0.0,0.0,0.0,0.0
sentinel_critical,20,two,str,3,2,0.0,0.0,0.0,0.0,1.0,0.20000000000000284,0.0,0.25,0.0,0.0,0.0,0.0,0.0,0.0,0.0,0.0,0.0
sentinel_critical,20,two,agi,7,2,0.0,0.0,0.0,0.0,0.0,0.0,0.0,0.0,0.0,0.0,0.75,0.0,0.0,0.007500000000000062,0.0,0.0,0.7500000000000142
sentinel_critical,20,two,vit,5,2,5.0,0.0,0.025000000000000022,0.0,0.0,0.0,0.0,1.0,0.25,0.0,0.0,0.0,0.0,0.0,0.0,0.0,0.0
sentinel_critical,20,two,int,2,2,0.0,2.5,0.0,0.05999999999999983,0.0,0.0,1.0,0.0,1.0,0.0,0.0,0.0,0.0,0.0,-0.0005000000000000004,0.0,0.0
sentinel_critical,20,two,dex,57,7,0.0,0.0,0.0,0.0,0.05714285714285795,0.2857142857142857,0.05714285714285795,0.0,0.0,0.2857142857142857,0.0,7.142857142857149e-05,0.0,0.0007142857142856991,-0.00042857142857142893,0.0,0.07142857142857142
sentinel_critical,20,two,luk,23,4,0.0,0.0,0.0,0.0,0.0,0.0,0.0,0.0,0.0,0.05000000000000426,0.05000000000000426,0.0007500000000000007,0.0,0.0,0.0,0.0,0.0
sentinel_critical,20,splash_three,str,3,2,0.0,0.0,0.0,0.0,1.0,0.20000000000000284,0.0,0.25,0.0,0.0,0.0,0.0,0.0,0.0,0.0,0.0,0.0
sentinel_critical,20,splash_three,agi,15,3,0.0,0.0,0.0,0.0,0.0,0.0,0.0,0.0,0.0,0.0,0.5,0.0,0.0,0.004999999999999893,0.0,0.0,0.4999999999999905
sentinel_critical,20,splash_three,vit,5,2,5.0,0.0,0.025000000000000022,0.0,0.0,0.0,0.0,1.0,0.25,0.0,0.0,0.0,0.0,0.0,0.0,0.0,0.0
sentinel_critical,20,splash_three,int,2,2,0.0,2.5,0.0,0.05999999999999983,0.0,0.0,1.0,0.0,1.0,0.0,0.0,0.0,0.0,0.0,-0.0005000000000000004,0.0,0.0
sentinel_critical,20,splash_three,dex,57,7,0.0,0.0,0.0,0.0,0.05714285714285795,0.2857142857142857,0.05714285714285795,0.0,0.0,0.2857142857142857,0.0,7.142857142857149e-05,0.0,0.0007142857142856991,-0.00042857142857142893,0.0,0.07142857142856737
sentinel_critical,20,splash_three,luk,18,3,0.0,0.0,0.0,0.0,0.0,0.0,0.0,0.0,0.0,0.06666666666667236,0.06666666666667236,0.0010000000000000009,0.0,0.0,0.0,0.0,0.0
sentinel_critical,20,splash_four,str,3,2,0.0,0.0,0.0,0.0,1.0,0.20000000000000284,0.0,0.25,0.0,0.0,0.0,0.0,0.0,0.0,0.0,0.0,0.0
sentinel_critical,20,splash_four,agi,15,3,0.0,0.0,0.0,0.0,0.0,0.0,0.0,0.0,0.0,0.0,0.5,0.0,0.0,0.004999999999999967,0.0,0.0,0.5
sentinel_critical,20,splash_four,vit,13,3,3.3333333333333335,0.0,0.016666666666666757,0.0,0.0,0.0,0.0,0.6666666666666666,0.16666666666666666,0.0,0.0,0.0,0.0,0.0,0.0,0.0,0.0
sentinel_critical,20,splash_four,int,2,2,0.0,2.5,0.0,0.05999999999999983,0.0,0.0,1.0,0.0,1.0,0.0,0.0,0.0,0.0,0.0,-0.0005000000000000004,0.0,0.0
sentinel_critical,20,splash_four,dex,54,7,0.0,0.0,0.0,0.0,0.05714285714285694,0.2857142857142857,0.05714285714285694,0.0,0.0,0.2857142857142857,0.0,7.142857142857149e-05,0.0,0.0007142857142856991,-0.00042857142857142893,0.0,0.07142857142857142
sentinel_critical,20,splash_four,luk,19,3,0.0,0.0,0.0,0.0,0.0,0.0,0.0,0.0,0.0,0.06666666666666288,0.06666666666666288,0.001666666666666668,0.0006666666666666666,0.0,0.0,0.0,0.0
sentinel_critical,20,balanced,str,20,3,0.0,0.0,0.0,0.0,0.6666666666666666,0.13333333333333522,0.0,0.16666666666666666,0.0,0.0,0.0,0.0,0.0,0.0,0.0,0.0,0.0
sentinel_critical,20,balanced,agi,24,4,0.0,0.0,0.0,0.0,0.0,0.0,0.0,0.0,0.0,0.0,0.375,0.0,0.0,0.003750000000000031,0.0,0.0,0.375
sentinel_critical,20,balanced,vit,22,4,2.5,0.0,0.012499999999999956,0.0,0.0,0.0,0.0,0.5,0.125,0.0,0.0,0.0,0.0,0.0,0.0,0.0,0.0
sentinel_critical,20,balanced,int,19,3,0.0,3.3333333333333335,0.0,0.040000000000000334,0.0,0.0,1.25,0.0,1.3333333333333333,0.0,0.0,0.0,0.0,0.0,-0.00033333333333333365,0.0,0.0
sentinel_critical,20,balanced,dex,27,4,0.0,0.0,0.0,0.0,0.10000000000000142,0.5,0.10000000000000142,0.0,0.0,0.5,0.0,0.0001250000000000001,0.0,0.0012500000000000289,-0.0007500000000000007,0.0,0.125
sentinel_critical,20,balanced,luk,20,3,0.0,0.0,0.0,0.0,0.0,0.0,0.0,0.0,0.0,0.06666666666666288,0.06666666666666288,0.0010000000000000009,0.0,0.0,0.0,0.0,0.0
sentinel_critical,30,concentrated,str,3,2,0.0,0.0,0.0,0.0,1.0,0.20000000000000284,0.0,0.25,0.0,0.0,0.0,0.0,0.0,0.0,0.0,0.0,0.0
sentinel_critical,30,concentrated,agi,7,2,0.0,0.0,0.0,0.0,0.0,0.0,0.0,0.0,0.0,0.0,0.75,0.0,0.0,0.007500000000000062,0.0,0.0,0.7500000000000142
sentinel_critical,30,concentrated,vit,5,2,5.0,0.0,0.025000000000000022,0.0,0.0,0.0,0.0,1.0,0.25,0.0,0.0,0.0,0.0,0.0,0.0,0.0,0.0
sentinel_critical,30,concentrated,int,2,2,0.0,2.5,0.0,0.05999999999999983,0.0,0.0,1.0,0.0,1.0,0.0,0.0,0.0,0.0,0.0,-0.0004999999999999449,0.0,0.0
sentinel_critical,30,concentrated,luk,3,2,0.0,0.0,0.0,0.0,0.0,0.0,0.0,0.0,0.0,0.09999999999999432,0.10000000000000853,0.0015000000000000013,0.0,0.0,0.0,0.0,0.0
sentinel_critical,30,two,str,3,2,0.0,0.0,0.0,0.0,1.0,0.20000000000000284,0.0,0.25,0.0,0.0,0.0,0.0,0.0,0.0,0.0,0.0,0.0
sentinel_critical,30,two,agi,7,2,0.0,0.0,0.0,0.0,0.0,0.0,0.0,0.0,0.0,0.0,0.75,0.0,0.0,0.007500000000000062,0.0,0.0,0.7500000000000142
sentinel_critical,30,two,vit,5,2,5.0,0.0,0.025000000000000022,0.0,0.0,0.0,0.0,1.0,0.25,0.0,0.0,0.0,0.0,0.0,0.0,0.0,0.0
sentinel_critical,30,two,int,2,2,0.0,2.5,0.0,0.05999999999999983,0.0,0.0,1.0,0.0,1.0,0.0,0.0,0.0,0.0,0.0,-0.0004999999999999449,0.0,0.0
sentinel_critical,30,two,luk,53,7,0.0,0.0,0.0,0.0,0.0,0.0,0.0,0.0,0.0,0.028571428571426947,0.028571428571431006,0.00042857142857142893,0.0,0.0,0.0,0.0,0.0
sentinel_critical,30,splash_three,str,3,2,0.0,0.0,0.0,0.0,1.0,0.20000000000000284,0.0,0.25,0.0,0.0,0.0,0.0,0.0,0.0,0.0,0.0,0.0
sentinel_critical,30,splash_three,agi,27,4,0.0,0.0,0.0,0.0,0.0,0.0,0.0,0.0,0.0,0.0,0.375,0.0,0.0,0.0037499999999999756,0.0,0.0,0.375
sentinel_critical,30,splash_three,vit,5,2,5.0,0.0,0.025000000000000022,0.0,0.0,0.0,0.0,1.0,0.25,0.0,0.0,0.0,0.0,0.0,0.0,0.0,0.0
sentinel_critical,30,splash_three,int,2,2,0.0,2.5,0.0,0.05999999999999983,0.0,0.0,1.0,0.0,1.0,0.0,0.0,0.0,0.0,0.0,-0.0004999999999999449,0.0,0.0
sentinel_critical,30,splash_three,luk,43,6,0.0,0.0,0.0,0.0,0.0,0.0,0.0,0.0,0.0,0.03333333333333144,0.03333333333333618,0.0005000000000000004,0.0,0.0,0.0,0.0,0.0
sentinel_critical,30,splash_four,str,3,2,0.0,0.0,0.0,0.0,1.0,0.20000000000000284,0.0,0.25,0.0,0.0,0.0,0.0,0.0,0.0,0.0,0.0,0.0
sentinel_critical,30,splash_four,agi,24,4,0.0,0.0,0.0,0.0,0.0,0.0,0.0,0.0,0.0,0.0,0.375,0.0,0.0,0.003750000000000031,0.0,0.0,0.375
sentinel_critical,30,splash_four,vit,22,4,2.5,0.0,0.012499999999999956,0.0,0.0,0.0,0.0,0.5,0.125,0.0,0.0,0.0,0.0,0.0,0.0,0.0,0.0
sentinel_critical,30,splash_four,int,2,2,0.0,2.5,0.0,0.05999999999999983,0.0,0.0,1.0,0.0,1.0,0.0,0.0,0.0,0.0,0.0,-0.0004999999999999449,0.0,0.0
sentinel_critical,30,splash_four,luk,37,5,0.0,0.0,0.0,0.0,0.0,0.0,0.0,0.0,0.0,0.0400000000000091,0.039999999999997725,0.0006000000000000005,0.0,0.0,0.0,0.0,0.0
sentinel_critical,30,balanced,str,28,4,0.0,0.0,0.0,0.0,0.5,0.09999999999999787,0.0,0.125,0.0,0.0,0.0,0.0,0.0,0.0,0.0,0.0,0.0
sentinel_critical,30,balanced,agi,32,5,0.0,0.0,0.0,0.0,0.0,0.0,0.0,0.0,0.0,0.0,0.3,0.0,0.0,0.0030000000000000248,0.0,0.0,0.3
sentinel_critical,30,balanced,vit,29,4,7.5,0.0,0.0625,0.0,0.0,0.0,0.0,1.0,0.125,0.0,0.0,0.0,0.0,0.0,0.0,0.0,0.0
sentinel_critical,30,balanced,int,26,4,0.0,1.25,0.0,0.030000000000000027,0.0,0.0,0.5,0.0,0.5,0.0,0.0,0.0,0.0,0.0,-0.0002500000000000002,0.0,0.0
sentinel_critical,30,balanced,dex,34,5,0.0,0.0,0.0,0.0,0.08000000000000114,0.4,0.08000000000000114,0.0,0.0,0.4,0.0,0.00010000000000000009,0.0,0.001000000000000023,-0.0006000000000000005,0.0,0.1
sentinel_critical,30,balanced,luk,27,4,0.0,0.0,0.0,0.0,0.0,0.0,0.0,0.0,0.0,0.04999999999999716,0.04999999999999716,0.0007500000000000007,0.0,0.0,0.0,0.0,0.0
sentinel_caster,5,concentrated,str,3,2,0.0,0.0,0.0,0.0,1.0,0.1999999999999993,0.0,0.25,0.0,0.0,0.0,0.0,0.0,0.0,0.0,0.0,0.0
sentinel_caster,5,concentrated,agi,7,2,0.0,0.0,0.0,0.0,0.0,0.0,0.0,0.0,0.0,0.0,0.75,0.0,0.0,0.007500000000000062,0.0,0.0,0.7500000000000071
sentinel_caster,5,concentrated,vit,5,2,5.0,0.0,0.025000000000000022,0.0,0.0,0.0,0.0,1.0,0.25,0.0,0.0,0.0,0.0,0.0,0.0,0.0,0.0
sentinel_caster,5,concentrated,int,22,4,0.0,1.25,0.0,0.029999999999999805,0.0,0.0,0.5,0.0,0.5,0.0,0.0,0.0,0.0,0.0,-0.0002500000000000002,0.0,0.0
sentinel_caster,5,concentrated,dex,10,2,0.0,0.0,0.0,0.0,0.1999999999999993,1.0,0.20000000000000284,0.0,0.0,1.0,0.0,0.0002500000000000002,0.0,0.0024999999999999467,-0.0015000000000000013,0.0,0.2499999999999929
sentinel_caster,5,concentrated,luk,3,2,0.0,0.0,0.0,0.0,0.0,0.0,0.0,0.0,0.0,0.10000000000000142,0.10000000000000142,0.0015000000000000013,0.0,0.0,0.0,0.0,0.0
sentinel_caster,5,two,str,3,2,0.0,0.0,0.0,0.0,1.0,0.1999999999999993,0.0,0.25,0.0,0.0,0.0,0.0,0.0,0.0,0.0,0.0,0.0
sentinel_caster,5,two,agi,7,2,0.0,0.0,0.0,0.0,0.0,0.0,0.0,0.0,0.0,0.0,0.75,0.0,0.0,0.007500000000000062,0.0,0.0,0.7500000000000071
sentinel_caster,5,two,vit,5,2,5.0,0.0,0.025000000000000022,0.0,0.0,0.0,0.0,1.0,0.25,0.0,0.0,0.0,0.0,0.0,0.0,0.0,0.0
sentinel_caster,5,two,int,17,3,0.0,1.6666666666666667,0.0,0.10666666666666647,0.0,0.0,0.6666666666666666,0.0,0.6666666666666666,0.0,0.0,0.0,0.0,0.0,-0.00033333333333333365,0.0,0.0
sentinel_caster,5,two,dex,16,3,0.0,0.0,0.0,0.0,0.13333333333333405,0.6666666666666666,0.13333333333333286,0.0,0.0,0.6666666666666666,0.0,0.00016666666666666682,0.0,0.0016666666666666312,-0.0010000000000000009,0.0,0.16666666666666666
sentinel_caster,5,two,luk,3,2,0.0,0.0,0.0,0.0,0.0,0.0,0.0,0.0,0.0,0.10000000000000853,0.10000000000000142,0.0015000000000000013,0.0,0.0,0.0,0.0,0.0
sentinel_caster,5,splash_three,str,3,2,0.0,0.0,0.0,0.0,1.0,0.1999999999999993,0.0,0.25,0.0,0.0,0.0,0.0,0.0,0.0,0.0,0.0,0.0
sentinel_caster,5,splash_three,agi,7,2,0.0,0.0,0.0,0.0,0.0,0.0,0.0,0.0,0.0,0.0,0.75,0.0,0.0,0.007500000000000062,0.0,0.0,0.7500000000000071
sentinel_caster,5,splash_three,vit,8,2,5.0,0.0,0.02499999999999991,0.0,0.0,0.0,0.0,1.0,0.25,0.0,0.0,0.0,0.0,0.0,0.0,0.0,0.0
sentinel_caster,5,splash_three,int,17,3,0.0,1.6666666666666667,0.0,0.10666666666666647,0.0,0.0,0.6666666666666666,0.0,0.6666666666666666,0.0,0.0,0.0,0.0,0.0,-0.00033333333333333365,0.0,0.0
sentinel_caster,5,splash_three,dex,14,3,0.0,0.0,0.0,0.0,0.13333333333333286,0.6666666666666666,0.13333333333333286,0.0,0.0,0.6666666666666666,0.0,0.00016666666666666682,0.0,0.0016666666666666312,-0.0010000000000000009,0.0,0.16666666666666666
sentinel_caster,5,splash_three,luk,3,2,0.0,0.0,0.0,0.0,0.0,0.0,0.0,0.0,0.0,0.10000000000000853,0.10000000000000142,0.0015000000000000013,0.0,0.0,0.0,0.0,0.0
sentinel_caster,5,splash_four,str,3,2,0.0,0.0,0.0,0.0,1.0,0.1999999999999993,0.0,0.25,0.0,0.0,0.0,0.0,0.0,0.0,0.0,0.0,0.0
sentinel_caster,5,splash_four,agi,9,2,0.0,0.0,0.0,0.0,0.0,0.0,0.0,0.0,0.0,0.0,1.75,0.0,0.0,0.01749999999999996,0.0,0.0,1.749999999999993
sentinel_caster,5,splash_four,vit,7,2,5.0,0.0,0.025000000000000022,0.0,0.0,0.0,0.0,1.0,0.25,0.0,0.0,0.0,0.0,0.0,0.0,0.0,0.0
sentinel_caster,5,splash_four,int,15,3,0.0,1.6666666666666667,0.0,0.040000000000000036,0.0,0.0,0.6666666666666666,0.0,0.6666666666666666,0.0,0.0,0.0,0.0,0.0,-0.00033333333333333365,0.0,0.0
sentinel_caster,5,splash_four,dex,15,3,0.0,0.0,0.0,0.0,0.13333333333333286,0.6666666666666666,0.13333333333333286,0.0,0.0,0.6666666666666666,0.0,0.00016666666666666682,0.0,0.0016666666666667052,-0.0010000000000000009,0.0,0.1666666666666714
sentinel_caster,5,splash_four,luk,3,2,0.0,0.0,0.0,0.0,0.0,0.0,0.0,0.0,0.0,0.10000000000000853,0.10000000000000142,0.0015000000000000013,0.0,0.0,0.0,0.0,0.0
sentinel_caster,5,balanced,str,8,2,0.0,0.0,0.0,0.0,1.0,0.1999999999999993,0.0,0.25,0.0,0.0,0.0,0.0,0.0,0.0,0.0,0.0,0.0
sentinel_caster,5,balanced,agi,11,3,0.0,0.0,0.0,0.0,0.0,0.0,0.0,0.0,0.0,0.0,0.5,0.0,0.0,0.004999999999999967,0.0,0.0,0.4999999999999953
sentinel_caster,5,balanced,vit,9,2,15.0,0.0,0.125,0.0,0.0,0.0,0.0,2.0,0.25,0.0,0.0,0.0,0.0,0.0,0.0,0.0,0.0
sentinel_caster,5,balanced,int,6,2,0.0,2.5,0.0,0.06000000000000005,0.0,0.0,1.125,0.0,1.0,0.0,0.0,0.0,0.0,0.0,-0.0005000000000000004,0.0,0.0
sentinel_caster,5,balanced,dex,14,3,0.0,0.0,0.0,0.0,0.13333333333333286,0.6666666666666666,0.13333333333333286,0.0,0.0,0.6666666666666666,0.0,0.00016666666666666682,0.0,0.0016666666666666312,-0.0010000000000000009,0.0,0.16666666666666194
sentinel_caster,5,balanced,luk,7,2,0.0,0.0,0.0,0.0,0.0,0.0,0.0,0.0,0.0,0.09999999999999432,0.09999999999999432,0.0015000000000000013,0.0,0.0,0.0,0.0,0.0
sentinel_caster,10,concentrated,str,3,2,0.0,0.0,0.0,0.0,1.0,0.1999999999999993,0.0,0.25,0.0,0.0,0.0,0.0,0.0,0.0,0.0,0.0,0.0
sentinel_caster,10,concentrated,agi,7,2,0.0,0.0,0.0,0.0,0.0,0.0,0.0,0.0,0.0,0.0,0.75,0.0,0.0,0.007500000000000062,0.0,0.0,0.7500000000000071
sentinel_caster,10,concentrated,vit,5,2,5.0,0.0,0.025000000000000022,0.0,0.0,0.0,0.0,1.0,0.25,0.0,0.0,0.0,0.0,0.0,0.0,0.0,0.0
sentinel_caster,10,concentrated,int,38,5,0.0,1.0,0.0,0.02400000000000002,0.0,0.0,0.4,0.0,0.4,0.0,0.0,0.0,0.0,0.0,-0.00020000000000000017,0.0,0.0
sentinel_caster,10,concentrated,dex,10,2,0.0,0.0,0.0,0.0,0.1999999999999993,1.0,0.20000000000000284,0.0,0.0,1.0,0.0,0.0002500000000000002,0.0,0.0024999999999999467,-0.0015000000000000013,0.0,0.2499999999999929
sentinel_caster,10,concentrated,luk,3,2,0.0,0.0,0.0,0.0,0.0,0.0,0.0,0.0,0.0,0.10000000000000853,0.10000000000000142,0.0015000000000000013,0.0,0.0,0.0,0.0,0.0
sentinel_caster,10,two,str,3,2,0.0,0.0,0.0,0.0,1.0,0.1999999999999993,0.0,0.25,0.0,0.0,0.0,0.0,0.0,0.0,0.0,0.0,0.0
sentinel_caster,10,two,agi,7,2,0.0,0.0,0.0,0.0,0.0,0.0,0.0,0.0,0.0,0.0,0.75,0.0,0.0,0.007500000000000062,0.0,0.0,0.75
sentinel_caster,10,two,vit,5,2,5.0,0.0,0.025000000000000022,0.0,0.0,0.0,0.0,1.0,0.25,0.0,0.0,0.0,0.0,0.0,0.0,0.0,0.0
sentinel_caster,10,two,int,31,5,0.0,1.0,0.0,0.02400000000000002,0.0,0.0,0.4,0.0,0.4,0.0,0.0,0.0,0.0,0.0,-0.00020000000000000017,0.0,0.0
sentinel_caster,10,two,dex,22,4,0.0,0.0,0.0,0.0,0.10000000000000053,0.5,0.10000000000000142,0.0,0.0,0.5,0.0,0.0001250000000000001,0.0,0.0012499999999999734,-0.0007499999999999729,0.0,0.12499999999999645
sentinel_caster,10,two,luk,3,2,0.0,0.0,0.0,0.0,0.0,0.0,0.0,0.0,0.0,0.10000000000000853,0.10000000000000142,0.0014999999999999944,0.0,0.0,0.0,0.0,0.0
sentinel_caster,10,splash_three,str,3,2,0.0,0.0,0.0,0.0,1.0,0.1999999999999993,0.0,0.25,0.0,0.0,0.0,0.0,0.0,0.0,0.0,0.0,0.0
sentinel_caster,10,splash_three,agi,7,2,0.0,0.0,0.0,0.0,0.0,0.0,0.0,0.0,0.0,0.0,0.75,0.0,0.0,0.007500000000000062,0.0,0.0,0.7500000000000071
sentinel_caster,10,splash_three,vit,10,2,5.0,0.0,0.025000000000000133,0.0,0.0,0.0,0.0,1.0,0.25,0.0,0.0,0.0,0.0,0.0,0.0,0.0,0.0
sentinel_caster,10,splash_three,int,31,5,0.0,1.0,0.0,0.02400000000000002,0.0,0.0,0.4,0.0,0.4,0.0,0.0,0.0,0.0,0.0,-0.00020000000000000017,0.0,0.0
sentinel_caster,10,splash_three,dex,19,3,0.0,0.0,0.0,0.0,0.13333333333333286,1.6666666666666667,0.13333333333333522,0.0,0.0,1.3333333333333333,0.0,0.00016666666666666682,0.0,0.0016666666666667052,-0.0043333333333333375,0.0,0.16666666666666666
sentinel_caster,10,splash_three,luk,3,2,0.0,0.0,0.0,0.0,0.0,0.0,0.0,0.0,0.0,0.10000000000000853,0.10000000000000142,0.0014999999999999944,0.0,0.0,0.0,0.0,0.0
sentinel_caster,10,splash_four,str,3,2,0.0,0.0,0.0,0.0,1.0,0.1999999999999993,0.0,0.25,0.0,0.0,0.0,0.0,0.0,0.0,0.0,0.0,0.0
sentinel_caster,10,splash_four,agi,12,3,0.0,0.0,0.0,0.0,0.0,0.0,0.0,0.0,0.0,0.0,0.5,0.0,0.0,0.005000000000000042,0.0,0.0,0.5
sentinel_caster,10,splash_four,vit,10,2,5.0,0.0,0.025000000000000133,0.0,0.0,0.0,0.0,1.0,0.25,0.0,0.0,0.0,0.0,0.0,0.0,0.0,0.0
sentinel_caster,10,splash_four,int,28,4,0.0,1.25,0.0,0.03000000000000025,0.0,0.0,0.5,0.0,0.5,0.0,0.0,0.0,0.0,0.0,-0.0002500000000000002,0.0,0.0
sentinel_caster,10,splash_four,dex,19,3,0.0,0.0,0.0,0.0,0.13333333333333286,1.6666666666666667,0.13333333333333522,0.0,0.0,1.3333333333333333,0.0,0.00016666666666666682,0.0,0.0016666666666667052,-0.0043333333333333375,0.0,0.16666666666666666
sentinel_caster,10,splash_four,luk,3,2,0.0,0.0,0.0,0.0,0.0,0.0,0.0,0.0,0.0,0.10000000000000853,0.10000000000000853,0.0014999999999999944,0.0,0.0,0.0,0.0,0.0
sentinel_caster,10,balanced,str,12,3,0.0,0.0,0.0,0.0,0.6666666666666666,0.13333333333333522,0.0,0.16666666666666666,0.0,0.0,0.0,0.0,0.0,0.0,0.0,0.0,0.0
sentinel_caster,10,balanced,agi,16,3,0.0,0.0,0.0,0.0,0.0,0.0,0.0,0.0,0.0,0.0,0.5,0.0,0.0,0.004999999999999967,0.0,0.0,0.5
sentinel_caster,10,balanced,vit,14,3,3.3333333333333335,0.0,0.08333333333333333,0.0,0.0,0.0,0.0,0.6666666666666666,0.16666666666666666,0.0,0.0,0.0,0.0,0.0,0.0,0.0,0.0
sentinel_caster,10,balanced,int,11,3,0.0,1.6666666666666667,0.0,0.10666666666666662,0.0,0.0,0.6666666666666666,0.0,0.6666666666666666,0.0,0.0,0.0,0.0,0.0,-0.00033333333333333365,0.0,0.0
sentinel_caster,10,balanced,dex,19,3,0.0,0.0,0.0,0.0,0.13333333333333286,1.6666666666666667,0.13333333333333286,0.0,0.0,1.3333333333333333,0.0,0.00016666666666666682,0.0,0.0016666666666667052,-0.0043333333333333375,0.0,0.16666666666666666
sentinel_caster,10,balanced,luk,11,3,0.0,0.0,0.0,0.0,0.0,0.0,0.0,0.0,0.0,0.06666666666667236,0.06666666666667236,0.0010000000000000009,0.0,0.0,0.0,0.0,0.0
sentinel_caster,15,concentrated,str,3,2,0.0,0.0,0.0,0.0,1.0,0.1999999999999993,0.0,0.25,0.0,0.0,0.0,0.0,0.0,0.0,0.0,0.0,0.0
sentinel_caster,15,concentrated,agi,7,2,0.0,0.0,0.0,0.0,0.0,0.0,0.0,0.0,0.0,0.0,0.75,0.0,0.0,0.007500000000000062,0.0,0.0,0.7500000000000071
sentinel_caster,15,concentrated,vit,5,2,5.0,0.0,0.025000000000000022,0.0,0.0,0.0,0.0,1.0,0.25,0.0,0.0,0.0,0.0,0.0,0.0,0.0,0.0
sentinel_caster,15,concentrated,int,51,7,0.0,0.7142857142857143,0.0,0.017142857142857033,0.0,0.0,0.2857142857142857,0.0,0.2857142857142857,0.0,0.0,0.0,0.0,0.0,-0.00014285714285714298,0.0,0.0
sentinel_caster,15,concentrated,dex,10,2,0.0,0.0,0.0,0.0,0.1999999999999993,1.0,0.20000000000000284,0.0,0.0,1.0,0.0,0.0002500000000000002,0.0,0.0024999999999999467,-0.0015000000000000013,0.0,0.2499999999999929
sentinel_caster,15,concentrated,luk,3,2,0.0,0.0,0.0,0.0,0.0,0.0,0.0,0.0,0.0,0.10000000000000853,0.10000000000000142,0.0015000000000000013,0.0,0.0,0.0,0.0,0.0
sentinel_caster,15,two,str,3,2,0.0,0.0,0.0,0.0,1.0,0.19999999999999574,0.0,0.25,0.0,0.0,0.0,0.0,0.0,0.0,0.0,0.0,0.0
sentinel_caster,15,two,agi,7,2,0.0,0.0,0.0,0.0,0.0,0.0,0.0,0.0,0.0,0.0,0.75,0.0,0.0,0.007500000000000062,0.0,0.0,0.7500000000000071
sentinel_caster,15,two,vit,5,2,5.0,0.0,0.025000000000000022,0.0,0.0,0.0,0.0,1.0,0.25,0.0,0.0,0.0,0.0,0.0,0.0,0.0,0.0
sentinel_caster,15,two,int,42,6,0.0,0.8333333333333334,0.0,0.020000000000000167,0.0,0.0,0.3333333333333333,0.0,0.3333333333333333,0.0,0.0,0.0,0.0,0.0,-0.00016666666666666682,0.0,0.0
sentinel_caster,15,two,dex,27,4,0.0,0.0,0.0,0.0,0.10000000000000053,0.5,0.09999999999999432,0.0,0.0,0.5,0.0,0.0001250000000000001,0.0,0.0012500000000000289,-0.0007500000000000007,0.0,0.12500000000000355
sentinel_caster,15,two,luk,3,2,0.0,0.0,0.0,0.0,0.0,0.0,0.0,0.0,0.0,0.10000000000000853,0.10000000000000142,0.0014999999999999944,0.0,0.0,0.0,0.0,0.0
sentinel_caster,15,splash_three,str,3,2,0.0,0.0,0.0,0.0,1.0,0.1999999999999993,0.0,0.25,0.0,0.0,0.0,0.0,0.0,0.0,0.0,0.0,0.0
sentinel_caster,15,splash_three,agi,7,2,0.0,0.0,0.0,0.0,0.0,0.0,0.0,0.0,0.0,0.0,0.75,0.0,0.0,0.007500000000000062,0.0,0.0,0.75
sentinel_caster,15,splash_three,vit,11,3,3.3333333333333335,0.0,0.016666666666666607,0.0,0.0,0.0,0.0,0.6666666666666666,0.16666666666666666,0.0,0.0,0.0,0.0,0.0,0.0,0.0,0.0
sentinel_caster,15,splash_three,int,43,6,0.0,0.8333333333333334,0.0,0.01999999999999987,0.0,0.0,0.3333333333333333,0.0,0.3333333333333333,0.0,0.0,0.0,0.0,0.0,-0.00016666666666666682,0.0,0.0
sentinel_caster,15,splash_three,dex,22,4,0.0,0.0,0.0,0.0,0.10000000000000053,0.5,0.09999999999999432,0.0,0.0,0.5,0.0,0.0001250000000000001,0.0,0.0012499999999999734,-0.0007499999999999729,0.0,0.12499999999999645
sentinel_caster,15,splash_three,luk,3,2,0.0,0.0,0.0,0.0,0.0,0.0,0.0,0.0,0.0,0.10000000000000853,0.10000000000000142,0.0014999999999999944,0.0,0.0,0.0,0.0,0.0
sentinel_caster,15,splash_four,str,3,2,0.0,0.0,0.0,0.0,1.0,0.1999999999999993,0.0,0.25,0.0,0.0,0.0,0.0,0.0,0.0,0.0,0.0,0.0
sentinel_caster,15,splash_four,agi,14,3,0.0,0.0,0.0,0.0,0.0,0.0,0.0,0.0,0.0,0.0,0.5,0.0,0.0,0.005000000000000042,0.0,0.0,0.5
sentinel_caster,15,splash_four,vit,12,3,3.3333333333333335,0.0,0.016666666666666607,0.0,0.0,0.0,0.0,0.6666666666666666,0.16666666666666666,0.0,0.0,0.0,0.0,0.0,0.0,0.0,0.0
sentinel_caster,15,splash_four,int,39,5,0.0,2.0,0.0,0.02400000000000002,0.0,0.0,1.15,0.0,0.8,0.0,0.0,0.0,0.0,0.0,-0.00020000000000000017,0.0,0.0
sentinel_caster,15,splash_four,dex,23,4,0.0,0.0,0.0,0.0,0.09999999999999964,0.5,0.09999999999999787,0.0,0.0,0.5,0.0,0.0001250000000000001,0.0,0.0012500000000000289,-0.0007500000000000284,0.0,0.125
sentinel_caster,15,splash_four,luk,3,2,0.0,0.0,0.0,0.0,0.0,0.0,0.0,0.0,0.0,0.10000000000000853,0.10000000000000853,0.0014999999999999944,0.0,0.0,0.0,0.0,0.0
sentinel_caster,15,balanced,str,16,3,0.0,0.0,0.0,0.0,0.6666666666666666,0.1333333333333305,0.0,0.16666666666666666,0.0,0.0,0.0,0.0,0.0,0.0,0.0,0.0,0.0
sentinel_caster,15,balanced,agi,20,3,0.0,0.0,0.0,0.0,0.0,0.0,0.0,0.0,0.0,0.0,0.5,0.0,0.0,0.004999999999999967,0.0,0.0,0.5
sentinel_caster,15,balanced,vit,18,3,3.3333333333333335,0.0,0.016666666666666757,0.0,0.0,0.0,0.0,0.6666666666666666,0.16666666666666666,0.0,0.0,0.0,0.0,0.0,0.0,0.0,0.0
sentinel_caster,15,balanced,int,15,3,0.0,1.6666666666666667,0.0,0.040000000000000036,0.0,0.0,0.6666666666666666,0.0,0.6666666666666666,0.0,0.0,0.0,0.0,0.0,-0.00033333333333333365,0.0,0.0
sentinel_caster,15,balanced,dex,23,4,0.0,0.0,0.0,0.0,0.09999999999999964,0.5,0.09999999999999964,0.0,0.0,0.5,0.0,0.0001250000000000001,0.0,0.0012499999999999734,-0.0007500000000000284,0.0,0.125
sentinel_caster,15,balanced,luk,16,3,0.0,0.0,0.0,0.0,0.0,0.0,0.0,0.0,0.0,0.06666666666667236,0.06666666666667236,0.0010000000000000009,0.0,0.0,0.0,0.0,0.0
sentinel_caster,20,concentrated,str,3,2,0.0,0.0,0.0,0.0,1.0,0.1999999999999993,0.0,0.25,0.0,0.0,0.0,0.0,0.0,0.0,0.0,0.0,0.0
sentinel_caster,20,concentrated,agi,7,2,0.0,0.0,0.0,0.0,0.0,0.0,0.0,0.0,0.0,0.0,0.75,0.0,0.0,0.007500000000000062,0.0,0.0,0.7500000000000071
sentinel_caster,20,concentrated,vit,5,2,5.0,0.0,0.025000000000000022,0.0,0.0,0.0,0.0,1.0,0.25,0.0,0.0,0.0,0.0,0.0,0.0,0.0,0.0
sentinel_caster,20,concentrated,dex,10,2,0.0,0.0,0.0,0.0,0.1999999999999993,1.0,0.20000000000000284,0.0,0.0,1.0,0.0,0.0002500000000000002,0.0,0.0024999999999999467,-0.0014999999999999458,0.0,0.2499999999999929
sentinel_caster,20,concentrated,luk,3,2,0.0,0.0,0.0,0.0,0.0,0.0,0.0,0.0,0.0,0.10000000000000853,0.10000000000000853,0.0015000000000000013,0.0,0.0,0.0,0.0,0.0
sentinel_caster,20,two,str,3,2,0.0,0.0,0.0,0.0,1.0,0.19999999999999574,0.0,0.25,0.0,0.0,0.0,0.0,0.0,0.0,0.0,0.0,0.0
sentinel_caster,20,two,agi,7,2,0.0,0.0,0.0,0.0,0.0,0.0,0.0,0.0,0.0,0.0,0.75,0.0,0.0,0.007500000000000062,0.0,0.0,0.7500000000000071
sentinel_caster,20,two,vit,5,2,5.0,0.0,0.025000000000000022,0.0,0.0,0.0,0.0,1.0,0.25,0.0,0.0,0.0,0.0,0.0,0.0,0.0,0.0
sentinel_caster,20,two,int,52,7,0.0,0.7142857142857143,0.0,0.017142857142857033,0.0,0.0,0.2857142857142857,0.0,0.2857142857142857,0.0,0.0,0.0,0.0,0.0,-0.00014285714285714298,0.0,0.0
sentinel_caster,20,two,dex,31,5,0.0,0.0,0.0,0.0,0.08000000000000043,0.4,0.08000000000000114,0.0,0.0,0.4,0.0,0.00010000000000000009,0.0,0.0009999999999999788,-0.0006000000000000005,0.0,0.09999999999999716
sentinel_caster,20,two,luk,3,2,0.0,0.0,0.0,0.0,0.0,0.0,0.0,0.0,0.0,0.10000000000000853,0.10000000000000853,0.0014999999999999944,0.0,0.0,0.0,0.0,0.0
sentinel_caster,20,splash_three,str,3,2,0.0,0.0,0.0,0.0,1.0,0.19999999999999574,0.0,0.25,0.0,0.0,0.0,0.0,0.0,0.0,0.0,0.0,0.0
sentinel_caster,20,splash_three,agi,7,2,0.0,0.0,0.0,0.0,0.0,0.0,0.0,0.0,0.0,0.0,0.75,0.0,0.0,0.007500000000000062,0.0,0.0,0.7500000000000071
sentinel_caster,20,splash_three,vit,14,3,3.3333333333333335,0.0,0.08333333333333333,0.0,0.0,0.0,0.0,0.6666666666666666,0.16666666666666666,0.0,0.0,0.0,0.0,0.0,0.0,0.0,0.0
sentinel_caster,20,splash_three,int,53,7,0.0,0.7142857142857143,0.0,0.045714285714286006,0.0,0.0,0.2857142857142857,0.0,0.2857142857142857,0.0,0.0,0.0,0.0,0.0,-0.00014285714285714298,0.0,0.0
sentinel_caster,20,splash_three,dex,25,4,0.0,0.0,0.0,0.0,0.09999999999999964,0.5,0.10000000000000142,0.0,0.0,0.5,0.0,0.0001250000000000001,0.0,0.0012499999999999734,-0.0007500000000000007,0.0,0.12499999999999645
sentinel_caster,20,splash_three,luk,3,2,0.0,0.0,0.0,0.0,0.0,0.0,0.0,0.0,0.0,0.10000000000000853,0.10000000000000853,0.0014999999999999944,0.0,0.0,0.0,0.0,0.0
sentinel_caster,20,splash_four,str,3,2,0.0,0.0,0.0,0.0,1.0,0.19999999999999574,0.0,0.25,0.0,0.0,0.0,0.0,0.0,0.0,0.0,0.0,0.0
sentinel_caster,20,splash_four,agi,15,3,0.0,0.0,0.0,0.0,0.0,0.0,0.0,0.0,0.0,0.0,0.5,0.0,0.0,0.004999999999999967,0.0,0.0,0.5
sentinel_caster,20,splash_four,vit,13,3,3.3333333333333335,0.0,0.016666666666666757,0.0,0.0,0.0,0.0,0.6666666666666666,0.16666666666666666,0.0,0.0,0.0,0.0,0.0,0.0,0.0,0.0
sentinel_caster,20,splash_four,int,49,6,0.0,1.6666666666666667,0.0,0.01999999999999987,0.0,0.0,1.125,0.0,0.6666666666666666,0.0,0.0,0.0,0.0,0.0,-0.00016666666666666682,0.0,0.0
sentinel_caster,20,splash_four,dex,27,4,0.0,0.0,0.0,0.0,0.10000000000000053,0.5,0.09999999999999432,0.0,0.0,0.5,0.0,0.0001250000000000001,0.0,0.0012500000000000289,-0.0007500000000000007,0.0,0.1250000000000071
sentinel_caster,20,splash_four,luk,3,2,0.0,0.0,0.0,0.0,0.0,0.0,0.0,0.0,0.0,0.10000000000000853,0.10000000000000853,0.0014999999999999944,0.0,0.0,0.0,0.0,0.0
sentinel_caster,20,balanced,str,20,3,0.0,0.0,0.0,0.0,0.6666666666666666,0.13333333333333522,0.0,0.16666666666666666,0.0,0.0,0.0,0.0,0.0,0.0,0.0,0.0,0.0
sentinel_caster,20,balanced,agi,24,4,0.0,0.0,0.0,0.0,0.0,0.0,0.0,0.0,0.0,0.0,0.375,0.0,0.0,0.003750000000000031,0.0,0.0,0.375
sentinel_caster,20,balanced,vit,22,4,2.5,0.0,0.012499999999999956,0.0,0.0,0.0,0.0,0.5,0.125,0.0,0.0,0.0,0.0,0.0,0.0,0.0,0.0
sentinel_caster,20,balanced,int,19,3,0.0,3.3333333333333335,0.0,0.040000000000000334,0.0,0.0,1.25,0.0,1.3333333333333333,0.0,0.0,0.0,0.0,0.0,-0.00033333333333333365,0.0,0.0
sentinel_caster,20,balanced,dex,27,4,0.0,0.0,0.0,0.0,0.10000000000000142,0.5,0.10000000000000142,0.0,0.0,0.5,0.0,0.0001250000000000001,0.0,0.0012500000000000289,-0.0007500000000000007,0.0,0.125
sentinel_caster,20,balanced,luk,20,3,0.0,0.0,0.0,0.0,0.0,0.0,0.0,0.0,0.0,0.06666666666666288,0.06666666666666288,0.0010000000000000009,0.0,0.0,0.0,0.0,0.0
sentinel_caster,30,concentrated,str,3,2,0.0,0.0,0.0,0.0,1.0,0.1999999999999993,0.0,0.25,0.0,0.0,0.0,0.0,0.0,0.0,0.0,0.0,0.0
sentinel_caster,30,concentrated,agi,7,2,0.0,0.0,0.0,0.0,0.0,0.0,0.0,0.0,0.0,0.0,0.75,0.0,0.0,0.007500000000000062,0.0,0.0,0.7500000000000071
sentinel_caster,30,concentrated,vit,5,2,5.0,0.0,0.025000000000000022,0.0,0.0,0.0,0.0,1.0,0.25,0.0,0.0,0.0,0.0,0.0,0.0,0.0,0.0
sentinel_caster,30,concentrated,dex,10,2,0.0,0.0,0.0,0.0,0.1999999999999993,1.0,0.20000000000000284,0.0,0.0,1.0,0.0,0.0002500000000000002,0.0,0.0024999999999999467,-0.0014999999999999458,0.0,0.2499999999999929
sentinel_caster,30,concentrated,luk,3,2,0.0,0.0,0.0,0.0,0.0,0.0,0.0,0.0,0.0,0.10000000000000853,0.10000000000000853,0.0015000000000000013,0.0,0.0,0.0,0.0,0.0
sentinel_caster,30,two,str,3,2,0.0,0.0,0.0,0.0,1.0,0.20000000000000284,0.0,0.25,0.0,0.0,0.0,0.0,0.0,0.0,0.0,0.0,0.0
sentinel_caster,30,two,agi,7,2,0.0,0.0,0.0,0.0,0.0,0.0,0.0,0.0,0.0,0.0,0.75,0.0,0.0,0.007500000000000062,0.0,0.0,0.7500000000000142
sentinel_caster,30,two,vit,5,2,5.0,0.0,0.025000000000000022,0.0,0.0,0.0,0.0,1.0,0.25,0.0,0.0,0.0,0.0,0.0,0.0,0.0,0.0
sentinel_caster,30,two,dex,53,7,0.0,0.0,0.0,0.0,0.05714285714285694,0.2857142857142857,0.05714285714285795,0.0,0.0,0.2857142857142857,0.0,7.142857142857149e-05,0.0,0.0007142857142856991,-0.0004285714285714131,0.0,0.07142857142857142
sentinel_caster,30,two,luk,3,2,0.0,0.0,0.0,0.0,0.0,0.0,0.0,0.0,0.0,0.10000000000000853,0.10000000000000853,0.0014999999999999944,0.0,0.0,0.0,0.0,0.0
sentinel_caster,30,splash_three,str,3,2,0.0,0.0,0.0,0.0,1.0,0.19999999999999574,0.0,0.25,0.0,0.0,0.0,0.0,0.0,0.0,0.0,0.0,0.0
sentinel_caster,30,splash_three,agi,7,2,0.0,0.0,0.0,0.0,0.0,0.0,0.0,0.0,0.0,0.0,0.75,0.0,0.0,0.007500000000000062,0.0,0.0,0.7500000000000142
sentinel_caster,30,splash_three,vit,23,4,2.5,0.0,0.012499999999999956,0.0,0.0,0.0,0.0,0.5,0.125,0.0,0.0,0.0,0.0,0.0,0.0,0.0,0.0
sentinel_caster,30,splash_three,dex,45,6,0.0,0.0,0.0,0.0,0.06666666666666761,0.3333333333333333,0.06666666666666761,0.0,0.0,0.3333333333333333,0.0,8.333333333333341e-05,0.0,0.0008333333333333156,-0.0004999999999999819,0.0,0.08333333333333333
sentinel_caster,30,splash_three,luk,3,2,0.0,0.0,0.0,0.0,0.0,0.0,0.0,0.0,0.0,0.10000000000000853,0.10000000000000853,0.0014999999999999944,0.0,0.0,0.0,0.0,0.0
sentinel_caster,30,splash_four,str,3,2,0.0,0.0,0.0,0.0,1.0,0.19999999999999574,0.0,0.25,0.0,0.0,0.0,0.0,0.0,0.0,0.0,0.0,0.0
sentinel_caster,30,splash_four,agi,22,4,0.0,0.0,0.0,0.0,0.0,0.0,0.0,0.0,0.0,0.0,0.375,0.0,0.0,0.0037499999999999756,0.0,0.0,0.3749999999999929
sentinel_caster,30,splash_four,vit,21,4,2.5,0.0,0.012500000000000067,0.0,0.0,0.0,0.0,0.5,0.125,0.0,0.0,0.0,0.0,0.0,0.0,0.0,0.0
sentinel_caster,30,splash_four,dex,39,5,0.0,0.0,0.0,0.0,0.07999999999999971,1.8,0.08000000000000114,0.0,0.0,0.8,0.0,0.00010000000000000009,0.0,0.0009999999999999788,-0.00259999999999998,0.0,0.09999999999999432
sentinel_caster,30,splash_four,luk,3,2,0.0,0.0,0.0,0.0,0.0,0.0,0.0,0.0,0.0,0.10000000000000853,0.10000000000000853,0.0015000000000000013,0.0,0.0,0.0,0.0,0.0
sentinel_caster,30,balanced,str,28,4,0.0,0.0,0.0,0.0,0.5,0.09999999999999787,0.0,0.125,0.0,0.0,0.0,0.0,0.0,0.0,0.0,0.0,0.0
sentinel_caster,30,balanced,agi,32,5,0.0,0.0,0.0,0.0,0.0,0.0,0.0,0.0,0.0,0.0,0.3,0.0,0.0,0.0030000000000000248,0.0,0.0,0.3
sentinel_caster,30,balanced,vit,29,4,7.5,0.0,0.0625,0.0,0.0,0.0,0.0,1.0,0.125,0.0,0.0,0.0,0.0,0.0,0.0,0.0,0.0
sentinel_caster,30,balanced,int,26,4,0.0,1.25,0.0,0.030000000000000027,0.0,0.0,0.5,0.0,0.5,0.0,0.0,0.0,0.0,0.0,-0.0002500000000000002,0.0,0.0
sentinel_caster,30,balanced,dex,34,5,0.0,0.0,0.0,0.0,0.08000000000000114,0.4,0.08000000000000114,0.0,0.0,0.4,0.0,0.00010000000000000009,0.0,0.001000000000000023,-0.0006000000000000005,0.0,0.1
sentinel_caster,30,balanced,luk,27,4,0.0,0.0,0.0,0.0,0.0,0.0,0.0,0.0,0.0,0.04999999999999716,0.04999999999999716,0.0007500000000000007,0.0,0.0,0.0,0.0,0.0
